dataframe_type,shape,type_check_exec_time,rbind_time,cartesian_time,all_cols_exec_time,overall_exec_time,dataframe_size_mb
Dataframe,"(1, 15)",0.0004549026,0.2849574089050293,0.054132699966430664,0.0007646084,0.0012378693,0.00023651123046875
Dataframe,"(10, 15)",0.000418663,0.04332685470581055,0.039846181869506836,0.0006539822,0.0010857582,0.0012664794921875
Dataframe,"(100, 15)",0.0001292229,0.040145158767700195,0.03996706008911133,0.0004076958,0.0005457401,0.011566162109375
Dataframe,"(1000, 15)",0.0001428127,0.047780513763427734,0.0414884090423584,0.000418663,0.000569582,0.11456298828125
Dataframe,"(10000, 15)",0.0001468658,0.0470578670501709,0.0634164810180664,0.0004374981,0.0005924702,1.14453125
Dataframe,"(100000, 15)",0.0001542568,0.0706179141998291,0.16840863227844238,0.0004835129,0.0006461143,11.4442138671875
Dataframe,"(1, 15)",0.0001461506,0.04316973686218262,0.045751094818115234,0.0002887249,0.0004422665,0.00023651123046875
Dataframe,"(10, 15)",0.0001237392,0.04397463798522949,0.04372143745422363,0.0002381802,0.0003695488,0.0012664794921875
Dataframe,"(100, 15)",0.0001366138,0.04028463363647461,0.040724992752075195,0.0002393723,0.0003843307,0.011566162109375
Dataframe,"(1000, 15)",0.0001087189,0.04188132286071777,0.04910850524902344,0.000215292,0.000330925,0.11456298828125
Dataframe,"(10000, 15)",0.0001933575,0.04072999954223633,0.04114341735839844,0.0003159046,0.0005228519,1.14453125
Dataframe,"(100000, 15)",0.0001163483,0.048563480377197266,0.10888075828552246,0.0002412796,0.0003650188,11.4442138671875
Dataframe,"(1, 15)",0.0002334118,0.04059863090515137,0.03957676887512207,0.0003705025,0.0006186962,0.00023651123046875
Dataframe,"(10, 15)",0.0001404285,0.04406428337097168,0.047646284103393555,0.0003511906,0.0005028248,0.0012664794921875
Dataframe,"(100, 15)",0.0002584457,0.04458451271057129,0.04308271408081055,0.0004174709,0.0006866455,0.011566162109375
Dataframe,"(1000, 15)",0.000138998,0.04155135154724121,0.04216504096984863,0.0002610683,0.0004091263,0.11456298828125
Dataframe,"(10000, 15)",0.0001430511,0.04110383987426758,0.04261374473571777,0.0002770424,0.0004284382,1.14453125
Dataframe,"(100000, 15)",0.0001118183,0.06827282905578613,0.24983763694763184,0.0002183914,0.0003371239,11.4442138671875
Dataframe,"(1, 15)",0.0001676083,0.04320549964904785,0.04032468795776367,0.0003364086,0.0005133152,0.00023651123046875
Dataframe,"(10, 15)",0.0001270771,0.040050506591796875,0.04089546203613281,0.0002157688,0.000351429,0.0012664794921875
Dataframe,"(100, 15)",0.0001268387,0.04000449180603027,0.04035186767578125,0.0002353191,0.000369072,0.011566162109375
Dataframe,"(1000, 15)",0.0001134872,0.04006552696228027,0.04055619239807129,0.0002131462,0.0003330708,0.11456298828125
Dataframe,"(10000, 15)",0.0001091957,0.0401461124420166,0.04123401641845703,0.000210762,0.0003268719,1.14453125
Dataframe,"(100000, 15)",0.0001118183,0.06691122055053711,0.18477439880371094,0.0002326965,0.000351429,11.4442138671875
Dataframe,"(1, 15)",0.0001523495,0.06372237205505371,0.06938576698303223,0.0003297329,0.0004911423,0.00023651123046875
Dataframe,"(10, 15)",0.0003912449,0.04579496383666992,0.04246044158935547,0.0004656315,0.0008664131,0.0012664794921875
Dataframe,"(100, 15)",0.0001187325,0.04005837440490723,0.041234731674194336,0.0002713203,0.0003964901,0.011566162109375
Dataframe,"(1000, 15)",0.0001103878,0.04040169715881348,0.04062318801879883,0.000238657,0.0003564358,0.11456298828125
Dataframe,"(10000, 15)",0.0001094341,0.04033350944519043,0.04144644737243652,0.000225544,0.0003421307,1.14453125
Dataframe,"(100000, 15)",0.0001275539,0.09214949607849121,0.12430715560913086,0.000218153,0.0003526211,11.4442138671875
Dataframe,"(1, 15)",0.0001797676,0.04562187194824219,0.043337345123291016,0.0004560947,0.0006477833,0.00023651123046875
Dataframe,"(10, 15)",0.0001151562,0.040366172790527344,0.04035305976867676,0.0002660751,0.0003898144,0.0012664794921875
Dataframe,"(100, 15)",0.0001084805,0.03980755805969238,0.04078412055969238,0.0002133846,0.0003285408,0.011566162109375
Dataframe,"(1000, 15)",0.0001170635,0.04022407531738281,0.04072141647338867,0.0002453327,0.0003709793,0.11456298828125
Dataframe,"(10000, 15)",0.0001134872,0.040601253509521484,0.0431368350982666,0.0002074242,0.0003287792,1.14453125
Dataframe,"(100000, 15)",0.00020504,0.06942248344421387,0.16748952865600586,0.0007500648,0.000967741,11.4442138671875
Dataframe,"(1, 15)",0.0001637936,0.04141426086425781,0.04121255874633789,0.0002543926,0.0004265308,0.00023651123046875
Dataframe,"(10, 15)",0.0001134872,0.04119277000427246,0.042563676834106445,0.0002133846,0.0003335476,0.0012664794921875
Dataframe,"(100, 15)",0.000115633,0.04256892204284668,0.04108738899230957,0.000215292,0.0003378391,0.011566162109375
Dataframe,"(1000, 15)",0.0001108646,0.06125211715698242,0.054779767990112305,0.0002202988,0.0003390312,0.11456298828125
Dataframe,"(10000, 15)",0.000180006,0.040674448013305664,0.04173421859741211,0.0002968311,0.0004887581,1.14453125
Dataframe,"(100000, 15)",0.0001139641,0.05056476593017578,0.1827850341796875,0.0002076626,0.0003287792,11.4442138671875
Dataframe,"(1, 15)",0.0003049374,0.04326152801513672,0.04082298278808594,0.0006752014,0.000991106,0.00023651123046875
Dataframe,"(10, 15)",0.0001337528,0.041055917739868164,0.04073143005371094,0.0002355576,0.0003769398,0.0012664794921875
Dataframe,"(100, 15)",0.0001170635,0.04064631462097168,0.04068875312805176,0.000222683,0.0003473759,0.011566162109375
Dataframe,"(1000, 15)",0.0001246929,0.040639400482177734,0.04063844680786133,0.0002424717,0.0003740788,0.11456298828125
Dataframe,"(10000, 15)",0.0001125336,0.04054856300354004,0.04203605651855469,0.0002365112,0.0003561974,1.14453125
Dataframe,"(100000, 15)",0.0001139641,0.05985522270202637,0.1759638786315918,0.0002219677,0.0003428459,11.4442138671875
Dataframe,"(1, 15)",0.0001614094,0.04960060119628906,0.04175090789794922,0.0003943443,0.0005652905,0.00023651123046875
Dataframe,"(10, 15)",0.0001392365,0.04159712791442871,0.041538238525390625,0.0002994537,0.0004472733,0.0012664794921875
Dataframe,"(100, 15)",0.0001089573,0.040682077407836914,0.04066038131713867,0.0002212524,0.0003371239,0.011566162109375
Dataframe,"(1000, 15)",0.0001106262,0.04064059257507324,0.04055023193359375,0.0002057552,0.0003230572,0.11456298828125
Dataframe,"(10000, 15)",0.0001091957,0.04196977615356445,0.054464101791381836,0.0002017021,0.000317812,1.14453125
Dataframe,"(100000, 15)",0.0002231598,0.06924200057983398,0.1381075382232666,0.0003166199,0.0005507469,11.4442138671875
Dataframe,"(1, 15)",0.0002532005,0.043808937072753906,0.04164600372314453,0.0003755093,0.0006401539,0.00023651123046875
Dataframe,"(10, 15)",0.0003321171,0.046111106872558594,0.04082202911376953,0.000500679,0.0008480549,0.0012664794921875
Dataframe,"(100, 15)",0.0001342297,0.04084205627441406,0.0406346321105957,0.0004057884,0.0005483627,0.011566162109375
Dataframe,"(1000, 15)",0.0001251698,0.04449176788330078,0.0411837100982666,0.0002508163,0.0003831387,0.11456298828125
Dataframe,"(10000, 15)",0.0001204014,0.041139841079711914,0.04257678985595703,0.0002422333,0.0003707409,1.14453125
Dataframe,"(100000, 15)",0.0001153946,0.05015373229980469,0.12608551979064941,0.0002064705,0.0003283024,11.4442138671875
Dataframe,"(1, 15)",0.0001885891,0.04997134208679199,0.04085135459899902,0.0002715588,0.0004694462,0.00023651123046875
Dataframe,"(10, 15)",0.0001199245,0.04980659484863281,0.05353403091430664,0.0002117157,0.0003395081,0.0012664794921875
Dataframe,"(100, 15)",0.0001475811,0.06097912788391113,0.0444645881652832,0.0002770424,0.0004332066,0.011566162109375
Dataframe,"(1000, 15)",0.0001335144,0.04210805892944336,0.04090261459350586,0.0002052784,0.0003466606,0.11456298828125
Dataframe,"(10000, 15)",0.0001223087,0.042426347732543945,0.042197227478027344,0.0002055168,0.0003347397,1.14453125
Dataframe,"(100000, 15)",0.0001120567,0.051293134689331055,0.16323423385620117,0.000218153,0.0003373623,11.4442138671875
Dataframe,"(1, 15)",0.0001773834,0.04111313819885254,0.04121899604797363,0.0005059242,0.0006916523,0.00023651123046875
Dataframe,"(10, 15)",0.0001432896,0.04114174842834473,0.04103827476501465,0.0002615452,0.0004146099,0.0012664794921875
Dataframe,"(100, 15)",0.0001268387,0.041715383529663086,0.05257678031921387,0.0002324581,0.0003671646,0.011566162109375
Dataframe,"(1000, 15)",0.0001423359,0.04134559631347656,0.04151797294616699,0.0002641678,0.0004181862,0.11456298828125
Dataframe,"(10000, 15)",0.0001571178,0.04071974754333496,0.042083024978637695,0.0002529621,0.0004177094,1.14453125
Dataframe,"(100000, 15)",0.0001111031,0.051506757736206055,0.25568127632141113,0.0003144741,0.000440836,11.4442138671875
Dataframe,"(1, 15)",0.0003035069,0.04562568664550781,0.0411534309387207,0.0006279945,0.0009410381,0.00023651123046875
Dataframe,"(10, 15)",0.0001323223,0.041176795959472656,0.0409703254699707,0.0002291203,0.0003693104,0.0012664794921875
Dataframe,"(100, 15)",0.0001084805,0.0406489372253418,0.042124032974243164,0.0002195835,0.0003349781,0.011566162109375
Dataframe,"(1000, 15)",0.0001089573,0.04089975357055664,0.04123854637145996,0.0002281666,0.0003442764,0.11456298828125
Dataframe,"(10000, 15)",0.0001153946,0.04339003562927246,0.052927494049072266,0.0002450943,0.0003678799,1.14453125
Dataframe,"(100000, 15)",0.0001263618,0.06494569778442383,0.15176916122436523,0.0002419949,0.0003750324,11.4442138671875
Dataframe,"(1, 15)",0.0001881123,0.04936957359313965,0.04515981674194336,0.0003643036,0.0005674362,0.00023651123046875
Dataframe,"(10, 15)",0.0001680851,0.04272723197937012,0.0555419921875,0.0002629757,0.0004413128,0.0012664794921875
Dataframe,"(100, 15)",0.0002799034,0.04299592971801758,0.05133342742919922,0.0003705025,0.0006625652,0.011566162109375
Dataframe,"(1000, 15)",0.0001552105,0.04197812080383301,0.04203677177429199,0.0003378391,0.0005028248,0.11456298828125
Dataframe,"(10000, 15)",0.0001101494,0.04356098175048828,0.05049419403076172,0.0002117157,0.0003287792,1.14453125
Dataframe,"(100000, 15)",0.0002045631,0.0636739730834961,0.2407388687133789,0.0005512238,0.0007646084,11.4442138671875
Dataframe,"(1, 15)",0.0002114773,0.053467512130737305,0.04313230514526367,0.0004160404,0.0006370544,0.00023651123046875
Dataframe,"(10, 15)",0.0001115799,0.041656494140625,0.04265785217285156,0.000244379,0.0003631115,0.0012664794921875
Dataframe,"(100, 15)",0.0001130104,0.04317069053649902,0.04356813430786133,0.0002293587,0.0003490448,0.011566162109375
Dataframe,"(1000, 15)",0.0001261234,0.04289531707763672,0.04268074035644531,0.0002317429,0.0003643036,0.11456298828125
Dataframe,"(10000, 15)",0.0002539158,0.05420184135437012,0.043558597564697266,0.0006239414,0.0008895397,1.14453125
Dataframe,"(100000, 15)",0.0001866817,0.07124662399291992,0.27521634101867676,0.0003242493,0.0005247593,11.4442138671875
Series,"(1,)",0.0001273155,0.03978395462036133,0.03729844093322754,0.0001456738,0.0002803802,0.00012969970703125
Series,"(10,)",5.29289e-05,0.03721165657043457,0.03740549087524414,0.0001592636,0.0002200603,0.0001983642578125
Series,"(100,)",3.14713e-05,0.03626656532287598,0.03669548034667969,9.29832e-05,0.0001285076,0.000885009765625
Series,"(1000,)",3.29018e-05,0.036832332611083984,0.03685760498046875,9.39369e-05,0.0001311302,0.00775146484375
Series,"(10000,)",3.02792e-05,0.03668832778930664,0.03663206100463867,8.67844e-05,0.0001206398,0.076416015625
Series,"(100000,)",3.57628e-05,0.036576271057128906,0.03968977928161621,0.0001115799,0.0001506805,0.7630615234375
Series,"(1,)",3.48091e-05,0.042194366455078125,0.040221452713012695,9.10759e-05,0.0001296997,0.00012969970703125
Series,"(10,)",6.22272e-05,0.03848719596862793,0.03902912139892578,0.0001769066,0.0002472401,0.0001983642578125
Series,"(100,)",4.673e-05,0.037035226821899414,0.03692770004272461,0.0001299381,0.0001809597,0.000885009765625
Series,"(1000,)",2.95639e-05,0.03665757179260254,0.03723907470703125,8.67844e-05,0.0001189709,0.00775146484375
Series,"(10000,)",3.57628e-05,0.03640437126159668,0.045993804931640625,9.27448e-05,0.0001316071,0.076416015625
Series,"(100000,)",5.74589e-05,0.039269447326660156,0.03805851936340332,0.0002031326,0.0002658367,0.7630615234375
Series,"(1,)",3.19481e-05,0.036641597747802734,0.03672337532043457,9.03606e-05,0.0001256466,0.00012969970703125
Series,"(10,)",3.79086e-05,0.03712964057922363,0.03742170333862305,9.72748e-05,0.0001404285,0.0001983642578125
Series,"(100,)",3.19481e-05,0.03697991371154785,0.036650896072387695,0.0001020432,0.0001368523,0.000885009765625
Series,"(1000,)",3.26633e-05,0.036628007888793945,0.03682875633239746,9.15527e-05,0.0001273155,0.00775146484375
Series,"(10000,)",3.02792e-05,0.03682708740234375,0.044197797775268555,8.63075e-05,0.0001194477,0.076416015625
Series,"(100000,)",3.21865e-05,0.038320302963256836,0.03758668899536133,9.91821e-05,0.0001347065,0.7630615234375
Series,"(1,)",3.31402e-05,0.03632378578186035,0.03629422187805176,0.0001058578,0.0001428127,0.00012969970703125
Series,"(10,)",2.90871e-05,0.03650259971618652,0.038160085678100586,8.72612e-05,0.0001194477,0.0001983642578125
Series,"(100,)",3.14713e-05,0.03697037696838379,0.04737401008605957,9.03606e-05,0.0001251698,0.000885009765625
Series,"(1000,)",0.00015378,0.04064512252807617,0.03930377960205078,0.0001478195,0.0003080368,0.00775146484375
Series,"(10000,)",3.29018e-05,0.03908586502075195,0.037690162658691406,9.13143e-05,0.0001277924,0.076416015625
Series,"(100000,)",3.17097e-05,0.036824703216552734,0.037856101989746094,9.46522e-05,0.000130415,0.7630615234375
Series,"(1,)",3.6478e-05,0.036453962326049805,0.03647589683532715,9.2268e-05,0.0001335144,0.00012969970703125
Series,"(10,)",3.60012e-05,0.03600144386291504,0.0366363525390625,0.0001056194,0.0001454353,0.0001983642578125
Series,"(100,)",3.24249e-05,0.0363619327545166,0.03681373596191406,9.17912e-05,0.0001275539,0.000885009765625
Series,"(1000,)",3.69549e-05,0.03646492958068848,0.03692984580993652,0.0001068115,0.0001466274,0.00775146484375
Series,"(10000,)",2.95639e-05,0.03657078742980957,0.03664374351501465,9.05991e-05,0.000123024,0.076416015625
Series,"(100000,)",4.48227e-05,0.036520957946777344,0.04106640815734863,9.10759e-05,0.0001392365,0.7630615234375
Series,"(1,)",3.31402e-05,0.03650045394897461,0.03654623031616211,8.79765e-05,0.0001246929,0.00012969970703125
Series,"(10,)",3.38554e-05,0.036385297775268555,0.04799485206604004,8.91685e-05,0.0001261234,0.0001983642578125
Series,"(100,)",6.84261e-05,0.07013702392578125,0.04084944725036621,0.0001511574,0.0002250671,0.000885009765625
Series,"(1000,)",4.72069e-05,0.036786794662475586,0.0610651969909668,0.000150919,0.0002043247,0.00775146484375
Series,"(10000,)",0.0001757145,0.05530834197998047,0.061600446701049805,0.000783205,0.0009667873,0.076416015625
Series,"(100000,)",6.58035e-05,0.06957006454467773,0.09409928321838379,0.0002140999,0.0002839565,0.7630615234375
Series,"(1,)",3.74317e-05,0.05101799964904785,0.038924217224121094,0.0001170635,0.0001578331,0.00012969970703125
Series,"(10,)",3.71933e-05,0.039395809173583984,0.0444188117980957,0.0001311302,0.0001728535,0.0001983642578125
Series,"(100,)",3.79086e-05,0.03754019737243652,0.036993980407714844,0.0001623631,0.0002045631,0.000885009765625
Series,"(1000,)",3.40939e-05,0.0364375114440918,0.03667712211608887,9.20296e-05,0.0001294613,0.00775146484375
Series,"(10000,)",2.98023e-05,0.036736249923706055,0.03711390495300293,8.84533e-05,0.0001218319,0.076416015625
Series,"(100000,)",3.12328e-05,0.03690814971923828,0.044680118560791016,0.0001058578,0.0001411438,0.7630615234375
Series,"(1,)",3.31402e-05,0.03647422790527344,0.0369260311126709,9.05991e-05,0.0001266003,0.00012969970703125
Series,"(10,)",3.29018e-05,0.039382219314575195,0.03786206245422363,9.08375e-05,0.0001268387,0.0001983642578125
Series,"(100,)",7.4625e-05,0.03777432441711426,0.03841590881347656,0.0001325607,0.0002117157,0.000885009765625
Series,"(1000,)",3.14713e-05,0.0370030403137207,0.03719520568847656,8.89301e-05,0.0001237392,0.00775146484375
Series,"(10000,)",3.33786e-05,0.04076242446899414,0.03705263137817383,8.82149e-05,0.0001251698,0.076416015625
Series,"(100000,)",3.33786e-05,0.04053378105163574,0.049601078033447266,9.25064e-05,0.0001292229,0.7630615234375
Series,"(1,)",3.8147e-05,0.03638863563537598,0.03742527961730957,9.13143e-05,0.000133276,0.00012969970703125
Series,"(10,)",3.52859e-05,0.03714251518249512,0.04266643524169922,9.32217e-05,0.0001313686,0.0001983642578125
Series,"(100,)",3.76701e-05,0.041773080825805664,0.04401445388793945,0.0001058578,0.0001480579,0.000885009765625
Series,"(1000,)",4.17233e-05,0.03928947448730469,0.038957834243774414,0.000125885,0.0001740456,0.00775146484375
Series,"(10000,)",3.74317e-05,0.03891897201538086,0.03897428512573242,0.0001001358,0.0001430511,0.076416015625
Series,"(100000,)",3.62396e-05,0.037248849868774414,0.04521989822387695,9.25064e-05,0.0001318455,0.7630615234375
Series,"(1,)",3.52859e-05,0.0367274284362793,0.036926984786987305,9.60827e-05,0.0001482964,0.00012969970703125
Series,"(10,)",3.29018e-05,0.03690814971923828,0.03776669502258301,9.25064e-05,0.000128746,0.0001983642578125
Series,"(100,)",3.6478e-05,0.03919172286987305,0.04889416694641113,9.75132e-05,0.0001370907,0.000885009765625
Series,"(1000,)",7.10487e-05,0.03756451606750488,0.0373845100402832,0.0002131462,0.0002901554,0.00775146484375
Series,"(10000,)",3.26633e-05,0.038182973861694336,0.03826761245727539,8.79765e-05,0.0001242161,0.076416015625
Series,"(100000,)",3.52859e-05,0.05116009712219238,0.04900026321411133,9.25064e-05,0.0001325607,0.7630615234375
Series,"(1,)",6.77109e-05,0.037003517150878906,0.037320852279663086,0.00020504,0.0002865791,0.00012969970703125
Series,"(10,)",2.98023e-05,0.03712105751037598,0.037290096282958984,8.86917e-05,0.0001218319,0.0001983642578125
Series,"(100,)",3.0756e-05,0.03667306900024414,0.03702354431152344,8.7738e-05,0.0001218319,0.000885009765625
Series,"(1000,)",3.31402e-05,0.037145376205444336,0.038002967834472656,9.2268e-05,0.0001296997,0.00775146484375
Series,"(10000,)",2.98023e-05,0.037039995193481445,0.040009260177612305,8.74996e-05,0.0001204014,0.076416015625
Series,"(100000,)",3.60012e-05,0.03829550743103027,0.06550407409667969,9.60827e-05,0.0001356602,0.7630615234375
Series,"(1,)",6.77109e-05,0.04233717918395996,0.03918170928955078,0.0002417564,0.0003154278,0.00012969970703125
Series,"(10,)",3.88622e-05,0.03780531883239746,0.03877425193786621,0.0001068115,0.0001490116,0.0001983642578125
Series,"(100,)",3.45707e-05,0.03856992721557617,0.037770986557006836,0.000118494,0.0001575947,0.000885009765625
Series,"(1000,)",4.19617e-05,0.03698468208312988,0.037424325942993164,0.0001046658,0.0001521111,0.00775146484375
Series,"(10000,)",3.26633e-05,0.03719520568847656,0.03757357597351074,9.08375e-05,0.0001270771,0.076416015625
Series,"(100000,)",3.62396e-05,0.03712630271911621,0.05076169967651367,0.000105381,0.0001451969,0.7630615234375
Series,"(1,)",3.8147e-05,0.04137301445007324,0.03819870948791504,0.0001144409,0.0001583099,0.00012969970703125
Series,"(10,)",3.3617e-05,0.03711223602294922,0.036795854568481445,9.39369e-05,0.0001316071,0.0001983642578125
Series,"(100,)",4.26769e-05,0.036719560623168945,0.03711819648742676,0.0001001358,0.0001471043,0.000885009765625
Series,"(1000,)",3.67165e-05,0.03663444519042969,0.036643028259277344,9.39369e-05,0.0001342297,0.00775146484375
Series,"(10000,)",3.17097e-05,0.03659415245056152,0.03791451454162598,8.74996e-05,0.0001227856,0.076416015625
Series,"(100000,)",3.38554e-05,0.04131722450256348,0.04831695556640625,0.0001106262,0.0001490116,0.7630615234375
Series,"(1,)",2.98023e-05,0.0368654727935791,0.03652334213256836,9.20296e-05,0.0001249313,0.00012969970703125
Series,"(10,)",3.31402e-05,0.03665781021118164,0.03690695762634277,8.98838e-05,0.000125885,0.0001983642578125
Series,"(100,)",3.12328e-05,0.037142276763916016,0.039134979248046875,8.9407e-05,0.0001237392,0.000885009765625
Series,"(1000,)",3.60012e-05,0.039406776428222656,0.03781390190124512,9.17912e-05,0.0001313686,0.00775146484375
Series,"(10000,)",3.0756e-05,0.04414772987365723,0.04269528388977051,8.9407e-05,0.0001239777,0.076416015625
Series,"(100000,)",3.55244e-05,0.03701305389404297,0.049695491790771484,0.0001089573,0.0001485348,0.7630615234375
Series,"(1,)",4.12464e-05,0.037023067474365234,0.03715658187866211,9.87053e-05,0.0001440048,0.00012969970703125
Series,"(10,)",4.36306e-05,0.036705970764160156,0.03694891929626465,9.17912e-05,0.000138998,0.0001983642578125
Series,"(100,)",3.02792e-05,0.03727436065673828,0.03719282150268555,9.91821e-05,0.0001325607,0.000885009765625
Series,"(1000,)",3.02792e-05,0.03696799278259277,0.04115176200866699,8.70228e-05,0.0001204014,0.00775146484375
Series,"(10000,)",3.38554e-05,0.03672003746032715,0.03714418411254883,0.000108242,0.0001451969,0.076416015625
Series,"(100000,)",3.52859e-05,0.041686296463012695,0.049540042877197266,9.08375e-05,0.0001292229,0.7630615234375
Sparse Dataframe,"(1, 3)",0.0067255497,0.05096936225891113,0.038562774658203125,0.0010581017,0.0077967644,0.000156402587890625
Sparse Dataframe,"(10, 3)",0.0005333424,0.0377199649810791,0.037775278091430664,0.0001418591,0.0006818771,0.00046539306640625
Sparse Dataframe,"(100, 3)",0.0004985332,0.03724479675292969,0.03755021095275879,0.0001070499,0.0006110668,0.0035552978515625
Sparse Dataframe,"(1000, 3)",0.0004010201,0.03941035270690918,0.03875088691711426,0.0001358986,0.0005421638,0.034454345703125
Sparse Dataframe,"(10000, 3)",0.0005459785,0.0373380184173584,0.0395350456237793,0.0001268387,0.0006790161,0.34344482421875
Sparse Dataframe,"(100000, 3)",0.0005874634,0.06135439872741699,0.0931098461151123,0.0001602173,0.0007574558,3.433349609375
Sparse Dataframe,"(1, 3)",0.0005676746,0.04012870788574219,0.03723621368408203,0.000184536,0.0007593632,0.000156402587890625
Sparse Dataframe,"(10, 3)",0.0003442764,0.04165530204772949,0.03833937644958496,0.0001370907,0.0004873276,0.00046539306640625
Sparse Dataframe,"(100, 3)",0.0003595352,0.037584781646728516,0.04163670539855957,0.0001468658,0.0005121231,0.0035552978515625
Sparse Dataframe,"(1000, 3)",0.0003290176,0.038857460021972656,0.038619041442871094,0.000133276,0.0004680157,0.034454345703125
Sparse Dataframe,"(10000, 3)",0.0003085136,0.037972211837768555,0.037967681884765625,0.0001418591,0.0004558563,0.34344482421875
Sparse Dataframe,"(100000, 3)",0.0004496574,0.04102802276611328,0.0794057846069336,0.0001568794,0.0006148815,3.433349609375
Sparse Dataframe,"(1, 3)",0.0002963543,0.03782963752746582,0.03742527961730957,0.0001254082,0.0004272461,0.000156402587890625
Sparse Dataframe,"(10, 3)",0.0003027916,0.037923574447631836,0.038387298583984375,0.0001318455,0.0004403591,0.00046539306640625
Sparse Dataframe,"(100, 3)",0.0003092289,0.03930020332336426,0.03808259963989258,0.0001363754,0.0004506111,0.0035552978515625
Sparse Dataframe,"(1000, 3)",0.0002980232,0.040368080139160156,0.03896164894104004,0.0001385212,0.000442028,0.034454345703125
Sparse Dataframe,"(10000, 3)",0.0003385544,0.0378422737121582,0.037772417068481445,0.00014925,0.0004935265,0.34344482421875
Sparse Dataframe,"(100000, 3)",0.0004467964,0.04286980628967285,0.07866740226745605,0.0001540184,0.0006093979,3.433349609375
Sparse Dataframe,"(1, 3)",0.0003459454,0.03867530822753906,0.03809213638305664,0.00015378,0.0005066395,0.000156402587890625
Sparse Dataframe,"(10, 3)",0.0003380775,0.03839278221130371,0.03781414031982422,0.0001485348,0.0004920959,0.00046539306640625
Sparse Dataframe,"(100, 3)",0.0002951622,0.03777909278869629,0.0452725887298584,0.0001447201,0.0004513264,0.0035552978515625
Sparse Dataframe,"(1000, 3)",0.00060606,0.04013991355895996,0.0379633903503418,0.0001437664,0.0007562637,0.034454345703125
Sparse Dataframe,"(10000, 3)",0.0003778934,0.03778576850891113,0.03809976577758789,0.000138998,0.0005228519,0.34344482421875
Sparse Dataframe,"(100000, 3)",0.0004780293,0.05503726005554199,0.0644845962524414,0.0001645088,0.0006518364,3.433349609375
Sparse Dataframe,"(1, 3)",0.000367403,0.0377192497253418,0.037618398666381836,0.0001325607,0.000505209,0.000156402587890625
Sparse Dataframe,"(10, 3)",0.0002963543,0.039510488510131836,0.03898501396179199,0.0001316071,0.0004332066,0.00046539306640625
Sparse Dataframe,"(100, 3)",0.0002911091,0.03867030143737793,0.03917098045349121,0.0001301765,0.0004258156,0.0035552978515625
Sparse Dataframe,"(1000, 3)",0.000323534,0.037767887115478516,0.03784584999084473,0.0001330376,0.0004622936,0.034454345703125
Sparse Dataframe,"(10000, 3)",0.0003347397,0.0377504825592041,0.037832021713256836,0.0001392365,0.0004804134,0.34344482421875
Sparse Dataframe,"(100000, 3)",0.0008900166,0.038763999938964844,0.0678563117980957,0.0001378059,0.0010354519,3.433349609375
Sparse Dataframe,"(1, 3)",0.0003392696,0.040303945541381836,0.039263010025024414,0.0001540184,0.0005002022,0.000156402587890625
Sparse Dataframe,"(10, 3)",0.000295639,0.040719032287597656,0.04130244255065918,0.000128746,0.0004298687,0.00046539306640625
Sparse Dataframe,"(100, 3)",0.0003125668,0.03821253776550293,0.037653207778930664,0.0001342297,0.00045228,0.0035552978515625
Sparse Dataframe,"(1000, 3)",0.0003221035,0.03775668144226074,0.03896284103393555,0.0001411438,0.0004694462,0.034454345703125
Sparse Dataframe,"(10000, 3)",0.000374794,0.03807187080383301,0.03806567192077637,0.0001969337,0.0005781651,0.34344482421875
Sparse Dataframe,"(100000, 3)",0.0004365444,0.043033599853515625,0.08113384246826172,0.0001502037,0.0005950928,3.433349609375
Sparse Dataframe,"(1, 3)",0.0003705025,0.03759598731994629,0.037798404693603516,0.0001318455,0.00050807,0.000156402587890625
Sparse Dataframe,"(10, 3)",0.0002934933,0.046018123626708984,0.037798404693603516,0.0001335144,0.0004322529,0.00046539306640625
Sparse Dataframe,"(100, 3)",0.0003800392,0.038175106048583984,0.03856801986694336,0.0001311302,0.0005166531,0.0035552978515625
Sparse Dataframe,"(1000, 3)",0.0003120899,0.03789710998535156,0.03874778747558594,0.0001316071,0.0004487038,0.034454345703125
Sparse Dataframe,"(10000, 3)",0.0003089905,0.037949323654174805,0.03797030448913574,0.0001313686,0.0004458427,0.34344482421875
Sparse Dataframe,"(100000, 3)",0.0004153252,0.03890514373779297,0.07036280632019043,0.00014925,0.0005726814,3.433349609375
Sparse Dataframe,"(1, 3)",0.0002982616,0.0376124382019043,0.03902935981750488,0.000138998,0.0004429817,0.000156402587890625
Sparse Dataframe,"(10, 3)",0.0003113747,0.045621395111083984,0.040167808532714844,0.0001344681,0.0004589558,0.00046539306640625
Sparse Dataframe,"(100, 3)",0.0003767014,0.039191484451293945,0.03840351104736328,0.0001420975,0.0005245209,0.0035552978515625
Sparse Dataframe,"(1000, 3)",0.000295639,0.03839397430419922,0.03811478614807129,0.0001425743,0.0004434586,0.034454345703125
Sparse Dataframe,"(10000, 3)",0.0003225803,0.03821873664855957,0.03834128379821777,0.0001404285,0.0004692078,0.34344482421875
Sparse Dataframe,"(100000, 3)",0.0004620552,0.043253183364868164,0.07607412338256836,0.0001544952,0.0006270409,3.433349609375
Sparse Dataframe,"(1, 3)",0.0002937317,0.03766155242919922,0.037702322006225586,0.0001444817,0.0004432201,0.000156402587890625
Sparse Dataframe,"(10, 3)",0.0002954006,0.03851675987243652,0.038396596908569336,0.0001347065,0.0004351139,0.00046539306640625
Sparse Dataframe,"(100, 3)",0.0003125668,0.03810834884643555,0.03820919990539551,0.0001437664,0.0004618168,0.0035552978515625
Sparse Dataframe,"(1000, 3)",0.0002987385,0.03777766227722168,0.03800702095031738,0.0001411438,0.0004453659,0.034454345703125
Sparse Dataframe,"(10000, 3)",0.0003159046,0.03786158561706543,0.0381474494934082,0.0001401901,0.00046134,0.34344482421875
Sparse Dataframe,"(100000, 3)",0.0004355907,0.04339480400085449,0.07971644401550293,0.0001449585,0.0005877018,3.433349609375
Sparse Dataframe,"(1, 3)",0.0003631115,0.03789639472961426,0.041669368743896484,0.0001366138,0.0005161762,0.000156402587890625
Sparse Dataframe,"(10, 3)",0.0006761551,0.04000210762023926,0.03867793083190918,0.0002610683,0.0009474754,0.00046539306640625
Sparse Dataframe,"(100, 3)",0.0002923012,0.03803277015686035,0.038086652755737305,0.0001473427,0.0004448891,0.0035552978515625
Sparse Dataframe,"(1000, 3)",0.0002970695,0.03836798667907715,0.03996586799621582,0.0001547337,0.00045681,0.034454345703125
Sparse Dataframe,"(10000, 3)",0.0003638268,0.04024672508239746,0.039501190185546875,0.0001380444,0.0005078316,0.34344482421875
Sparse Dataframe,"(100000, 3)",0.0005185604,0.04383444786071777,0.08438587188720703,0.000191927,0.0007190704,3.433349609375
Sparse Dataframe,"(1, 3)",0.0003724098,0.05005645751953125,0.05228137969970703,0.0001637936,0.0005428791,0.000156402587890625
Sparse Dataframe,"(10, 3)",0.0005400181,0.039153337478637695,0.03910398483276367,0.0001802444,0.0007269382,0.00046539306640625
Sparse Dataframe,"(100, 3)",0.0002980232,0.03860020637512207,0.038177490234375,0.0001392365,0.0004425049,0.0035552978515625
Sparse Dataframe,"(1000, 3)",0.0002968311,0.038086891174316406,0.038219451904296875,0.0001318455,0.0004336834,0.034454345703125
Sparse Dataframe,"(10000, 3)",0.0003039837,0.03812122344970703,0.0386810302734375,0.0001325607,0.0004417896,0.34344482421875
Sparse Dataframe,"(100000, 3)",0.0006277561,0.03973388671875,0.07686209678649902,0.0001590252,0.0007939339,3.433349609375
Sparse Dataframe,"(1, 3)",0.0005481243,0.05048370361328125,0.03963899612426758,0.0001647472,0.0007202625,0.000156402587890625
Sparse Dataframe,"(10, 3)",0.000587225,0.03814816474914551,0.03817629814147949,0.0002439022,0.0008382797,0.00046539306640625
Sparse Dataframe,"(100, 3)",0.000338316,0.038529157638549805,0.03809094429016113,0.0001327991,0.0004761219,0.0035552978515625
Sparse Dataframe,"(1000, 3)",0.000310421,0.03851485252380371,0.03830552101135254,0.0001325607,0.0004477501,0.034454345703125
Sparse Dataframe,"(10000, 3)",0.0003297329,0.03895306587219238,0.0404510498046875,0.0001404285,0.0004749298,0.34344482421875
Sparse Dataframe,"(100000, 3)",0.0005228519,0.04504513740539551,0.08188438415527344,0.0001657009,0.0006978512,3.433349609375
Sparse Dataframe,"(1, 3)",0.0006887913,0.0581662654876709,0.038654327392578125,0.0003011227,0.0010037422,0.000156402587890625
Sparse Dataframe,"(10, 3)",0.0003540516,0.03797435760498047,0.038048505783081055,0.0001299381,0.0004899502,0.00046539306640625
Sparse Dataframe,"(100, 3)",0.0003209114,0.03961372375488281,0.03856468200683594,0.0001337528,0.0004601479,0.0035552978515625
Sparse Dataframe,"(1000, 3)",0.0003552437,0.04253983497619629,0.039789438247680664,0.0001318455,0.0004925728,0.034454345703125
Sparse Dataframe,"(10000, 3)",0.0003738403,0.03773307800292969,0.03886747360229492,0.0001590252,0.000538826,0.34344482421875
Sparse Dataframe,"(100000, 3)",0.0005056858,0.04471707344055176,0.06861114501953125,0.0001428127,0.0006554127,3.433349609375
Sparse Dataframe,"(1, 3)",0.0005228519,0.04151463508605957,0.05016493797302246,0.0001616478,0.0006935596,0.000156402587890625
Sparse Dataframe,"(10, 3)",0.0005221367,0.045053720474243164,0.04480791091918945,0.0002174377,0.0007469654,0.00046539306640625
Sparse Dataframe,"(100, 3)",0.0003442764,0.03878307342529297,0.04679727554321289,0.0001311302,0.0004813671,0.0035552978515625
Sparse Dataframe,"(1000, 3)",0.000300169,0.04021954536437988,0.0382997989654541,0.0001468658,0.0004527569,0.034454345703125
Sparse Dataframe,"(10000, 3)",0.0003449917,0.03786945343017578,0.038506269454956055,0.0001423359,0.0004930496,0.34344482421875
Sparse Dataframe,"(100000, 3)",0.000525713,0.04261040687561035,0.05804109573364258,0.0001733303,0.00070858,3.433349609375
Sparse Dataframe,"(1, 3)",0.0003197193,0.038469791412353516,0.0440213680267334,0.0001294613,0.0004544258,0.000156402587890625
Sparse Dataframe,"(10, 3)",0.0006415844,0.04598665237426758,0.04122614860534668,0.0002627373,0.0009109974,0.00046539306640625
Sparse Dataframe,"(100, 3)",0.0003249645,0.03823232650756836,0.03913378715515137,0.0001542568,0.0004856586,0.0035552978515625
Sparse Dataframe,"(1000, 3)",0.000336647,0.03859281539916992,0.03861880302429199,0.0001449585,0.0004880428,0.034454345703125
Sparse Dataframe,"(10000, 3)",0.0003290176,0.03846383094787598,0.0388798713684082,0.0001320839,0.0004663467,0.34344482421875
Sparse Dataframe,"(100000, 3)",0.0004780293,0.039700984954833984,0.05446934700012207,0.0001871586,0.0006735325,3.433349609375
Categorical Dataframe,"(1, 15)",0.0090990067,0.05267763137817383,0.04382514953613281,0.000579834,0.0096914768,0.0017957687377929688
Categorical Dataframe,"(10, 15)",0.0008835793,0.04300951957702637,0.04335498809814453,0.0003197193,0.001209259,0.0057010650634765625
Categorical Dataframe,"(100, 15)",0.0008661747,0.043659210205078125,0.04307103157043457,0.0003294945,0.0012013912,0.07262039184570312
Categorical Dataframe,"(1000, 15)",0.0009708405,0.04285383224487305,0.04306316375732422,0.0004451275,0.0014231205,0.6161575317382812
Categorical Dataframe,"(10000, 15)",0.0009479523,0.044525146484375,0.05013871192932129,0.0004036427,0.0013618469,5.210502624511719
Categorical Dataframe,"(100000, 15)",0.019974947,0.0763099193572998,0.11484956741333008,0.0004146099,0.0204045773,47.401206970214844
Categorical Dataframe,"(1, 15)",0.0009014606,0.04401993751525879,0.043528079986572266,0.0003318787,0.0012385845,0.0017957687377929688
Categorical Dataframe,"(10, 15)",0.0008585453,0.04912686347961426,0.04551839828491211,0.0003113747,0.0011754036,0.0057010650634765625
Categorical Dataframe,"(100, 15)",0.0008854866,0.04477858543395996,0.043433427810668945,0.0003249645,0.00121665,0.07262039184570312
Categorical Dataframe,"(1000, 15)",0.0008864403,0.043099164962768555,0.04883265495300293,0.0003736019,0.0012662411,0.6161575317382812
Categorical Dataframe,"(10000, 15)",0.0009632111,0.04369711875915527,0.04501199722290039,0.0003867149,0.0013585091,5.210502624511719
Categorical Dataframe,"(100000, 15)",0.0015611649,0.07438325881958008,0.1501157283782959,0.0004138947,0.0019886494,47.401206970214844
Categorical Dataframe,"(1, 15)",0.0009498596,0.043488264083862305,0.04318857192993164,0.0003685951,0.0013244152,0.0017957687377929688
Categorical Dataframe,"(10, 15)",0.0008847713,0.042990922927856445,0.04302358627319336,0.000328064,0.0012185574,0.0057010650634765625
Categorical Dataframe,"(100, 15)",0.0008881092,0.04275202751159668,0.044107913970947266,0.0003221035,0.00121665,0.07262039184570312
Categorical Dataframe,"(1000, 15)",0.0008723736,0.04324054718017578,0.04287385940551758,0.0003623962,0.0012407303,0.6161575317382812
Categorical Dataframe,"(10000, 15)",0.0010035038,0.044100284576416016,0.04308938980102539,0.0004394054,0.0014529228,5.210502624511719
Categorical Dataframe,"(100000, 15)",0.0015766621,0.058734893798828125,0.15159821510314941,0.0003845692,0.0019738674,47.401206970214844
Categorical Dataframe,"(1, 15)",0.0012152195,0.059117794036865234,0.04341697692871094,0.0005097389,0.0017356873,0.0017957687377929688
Categorical Dataframe,"(10, 15)",0.0008473396,0.042963266372680664,0.04359841346740723,0.0003311634,0.0011839867,0.0057010650634765625
Categorical Dataframe,"(100, 15)",0.0008845329,0.0451045036315918,0.043290138244628906,0.0003159046,0.001206398,0.07262039184570312
Categorical Dataframe,"(1000, 15)",0.0008807182,0.04285120964050293,0.0435025691986084,0.000367403,0.0012543201,0.6161575317382812
Categorical Dataframe,"(10000, 15)",0.0009441376,0.04356861114501953,0.04292941093444824,0.0003805161,0.0013329983,5.210502624511719
Categorical Dataframe,"(100000, 15)",0.002322197,0.054578542709350586,0.17413783073425293,0.0006380081,0.002979517,47.401206970214844
Categorical Dataframe,"(1, 15)",0.0012316704,0.05057835578918457,0.04297065734863281,0.0003685951,0.0016174316,0.0017957687377929688
Categorical Dataframe,"(10, 15)",0.000888586,0.043585777282714844,0.043592214584350586,0.0003209114,0.0012159348,0.0057010650634765625
Categorical Dataframe,"(100, 15)",0.0009231567,0.043498992919921875,0.04954123497009277,0.000351429,0.001281023,0.07262039184570312
Categorical Dataframe,"(1000, 15)",0.0010251999,0.04498648643493652,0.04303288459777832,0.0004029274,0.0014379025,0.6161575317382812
Categorical Dataframe,"(10000, 15)",0.0009162426,0.04389667510986328,0.042923688888549805,0.0004179478,0.0013430119,5.210502624511719
Categorical Dataframe,"(100000, 15)",0.0023825169,0.0534358024597168,0.14412641525268555,0.0003883839,0.002784729,47.401206970214844
Categorical Dataframe,"(1, 15)",0.0009558201,0.04761362075805664,0.042833566665649414,0.0003595352,0.0013246536,0.0017957687377929688
Categorical Dataframe,"(10, 15)",0.0008542538,0.04365730285644531,0.04339885711669922,0.0003199577,0.0011792183,0.0057010650634765625
Categorical Dataframe,"(100, 15)",0.0008602142,0.04474210739135742,0.04504895210266113,0.0003120899,0.0011780262,0.07262039184570312
Categorical Dataframe,"(1000, 15)",0.0009276867,0.044960737228393555,0.04991745948791504,0.0003843307,0.0013198853,0.6161575317382812
Categorical Dataframe,"(10000, 15)",0.0009763241,0.044808149337768555,0.04336905479431152,0.0003888607,0.0013749599,5.210502624511719
Categorical Dataframe,"(100000, 15)",0.0016000271,0.05054450035095215,0.14087462425231934,0.0003788471,0.0019931793,47.401206970214844
Categorical Dataframe,"(1, 15)",0.0008807182,0.04331517219543457,0.04335927963256836,0.0003244877,0.0012106895,0.0017957687377929688
Categorical Dataframe,"(10, 15)",0.0008850098,0.0432894229888916,0.04356837272644043,0.0003199577,0.0012106895,0.0057010650634765625
Categorical Dataframe,"(100, 15)",0.0008876324,0.04294323921203613,0.04333233833312988,0.0003409386,0.0012347698,0.07262039184570312
Categorical Dataframe,"(1000, 15)",0.0008888245,0.04298257827758789,0.04304909706115723,0.0003600121,0.0012552738,0.6161575317382812
Categorical Dataframe,"(10000, 15)",0.0009651184,0.04664778709411621,0.044953346252441406,0.0004048347,0.001380682,5.210502624511719
Categorical Dataframe,"(100000, 15)",0.0016505718,0.046169281005859375,0.09533929824829102,0.0003852844,0.0020513535,47.401206970214844
Categorical Dataframe,"(1, 15)",0.0008845329,0.04332876205444336,0.043673038482666016,0.0003113747,0.0012018681,0.0017957687377929688
Categorical Dataframe,"(10, 15)",0.0008745193,0.05446338653564453,0.04318881034851074,0.0003378391,0.0012180805,0.0057010650634765625
Categorical Dataframe,"(100, 15)",0.0009377003,0.043152809143066406,0.04333758354187012,0.0003187656,0.0012629032,0.07262039184570312
Categorical Dataframe,"(1000, 15)",0.0008921623,0.0433042049407959,0.04345059394836426,0.0003759861,0.0012743473,0.6161575317382812
Categorical Dataframe,"(10000, 15)",0.0009059906,0.046396493911743164,0.06971859931945801,0.000392437,0.0013072491,5.210502624511719
Categorical Dataframe,"(100000, 15)",0.0016777515,0.0606837272644043,0.15072154998779297,0.000453949,0.002146244,47.401206970214844
Categorical Dataframe,"(1, 15)",0.0010221004,0.04804563522338867,0.044001102447509766,0.0003752708,0.001406908,0.0017957687377929688
Categorical Dataframe,"(10, 15)",0.0008592606,0.04353523254394531,0.04364633560180664,0.0003123283,0.0011775494,0.0057010650634765625
Categorical Dataframe,"(100, 15)",0.0008909702,0.04372358322143555,0.0432431697845459,0.0003225803,0.0012192726,0.07262039184570312
Categorical Dataframe,"(1000, 15)",0.0008735657,0.043492794036865234,0.043540000915527344,0.000351429,0.0012319088,0.6161575317382812
Categorical Dataframe,"(10000, 15)",0.0009818077,0.044048309326171875,0.04362177848815918,0.0003809929,0.0013725758,5.210502624511719
Categorical Dataframe,"(100000, 15)",0.0016109943,0.046053171157836914,0.1530778408050537,0.0005176067,0.0021464825,47.401206970214844
Categorical Dataframe,"(1, 15)",0.001085043,0.05423617362976074,0.04922986030578613,0.0003955364,0.0014872551,0.0017957687377929688
Categorical Dataframe,"(10, 15)",0.0010108948,0.045487165451049805,0.055840253829956055,0.000364542,0.0013854504,0.0057010650634765625
Categorical Dataframe,"(100, 15)",0.0008618832,0.04710841178894043,0.04851055145263672,0.0003097057,0.0011770725,0.07262039184570312
Categorical Dataframe,"(1000, 15)",0.0008850098,0.04357790946960449,0.0433812141418457,0.000361681,0.0012531281,0.6161575317382812
Categorical Dataframe,"(10000, 15)",0.0009374619,0.048609018325805664,0.04496431350708008,0.0004172325,0.001363039,5.210502624511719
Categorical Dataframe,"(100000, 15)",0.0023515224,0.05612468719482422,0.13335132598876953,0.0005745888,0.0029737949,47.401206970214844
Categorical Dataframe,"(1, 15)",0.0009095669,0.04517340660095215,0.05791640281677246,0.0003526211,0.0012688637,0.0017957687377929688
Categorical Dataframe,"(10, 15)",0.0009856224,0.04695296287536621,0.0458378791809082,0.0003831387,0.0013768673,0.0057010650634765625
Categorical Dataframe,"(100, 15)",0.0008614063,0.04430580139160156,0.04705190658569336,0.0003356934,0.0012030602,0.07262039184570312
Categorical Dataframe,"(1000, 15)",0.0009198189,0.04373764991760254,0.043509721755981445,0.0003633499,0.0012893677,0.6161575317382812
Categorical Dataframe,"(10000, 15)",0.0009138584,0.04407811164855957,0.044637441635131836,0.0003829002,0.0013053417,5.210502624511719
Categorical Dataframe,"(100000, 15)",0.0015256405,0.0573577880859375,0.17218351364135742,0.0004088879,0.0019469261,47.401206970214844
Categorical Dataframe,"(1, 15)",0.0008778572,0.04554414749145508,0.04378485679626465,0.000330925,0.0012145042,0.0017957687377929688
Categorical Dataframe,"(10, 15)",0.000882864,0.043801307678222656,0.04413604736328125,0.0003211498,0.0012099743,0.0057010650634765625
Categorical Dataframe,"(100, 15)",0.0008571148,0.044145822525024414,0.043747901916503906,0.0003125668,0.001175642,0.07262039184570312
Categorical Dataframe,"(1000, 15)",0.0008795261,0.04377317428588867,0.043747663497924805,0.0003683567,0.0012545586,0.6161575317382812
Categorical Dataframe,"(10000, 15)",0.0009469986,0.04571390151977539,0.04608774185180664,0.0003976822,0.0013535023,5.210502624511719
Categorical Dataframe,"(100000, 15)",0.0019762516,0.06422185897827148,0.15061068534851074,0.0005269051,0.0025441647,47.401206970214844
Categorical Dataframe,"(1, 15)",0.0009465218,0.052318572998046875,0.04845547676086426,0.000369072,0.0013215542,0.0017957687377929688
Categorical Dataframe,"(10, 15)",0.0008761883,0.04429197311401367,0.044495344161987305,0.0003147125,0.0011963844,0.0057010650634765625
Categorical Dataframe,"(100, 15)",0.0008580685,0.04379105567932129,0.04337644577026367,0.0003099442,0.0011734962,0.07262039184570312
Categorical Dataframe,"(1000, 15)",0.0008926392,0.04434370994567871,0.044219255447387695,0.0003585815,0.0012571812,0.6161575317382812
Categorical Dataframe,"(10000, 15)",0.00091362,0.04503035545349121,0.0439608097076416,0.0003807545,0.0013020039,5.210502624511719
Categorical Dataframe,"(100000, 15)",0.0015804768,0.05162763595581055,0.19130635261535645,0.0004374981,0.0020327568,47.401206970214844
Categorical Dataframe,"(1, 15)",0.001098156,0.049458980560302734,0.04525589942932129,0.0004107952,0.0015158653,0.0017957687377929688
Categorical Dataframe,"(10, 15)",0.0008807182,0.04490923881530762,0.04424643516540527,0.0003333092,0.0012197495,0.0057010650634765625
Categorical Dataframe,"(100, 15)",0.0009567738,0.045340776443481445,0.05370140075683594,0.0003268719,0.001291275,0.07262039184570312
Categorical Dataframe,"(1000, 15)",0.0009131432,0.047460079193115234,0.04434609413146973,0.0003623962,0.0012819767,0.6161575317382812
Categorical Dataframe,"(10000, 15)",0.000919342,0.04584932327270508,0.04391193389892578,0.0003724098,0.0012991428,5.210502624511719
Categorical Dataframe,"(100000, 15)",0.002137661,0.05510568618774414,0.16450834274291992,0.0004138947,0.0025668144,47.401206970214844
Categorical Dataframe,"(1, 15)",0.001039505,0.044892072677612305,0.04464387893676758,0.0003669262,0.0014131069,0.0017957687377929688
Categorical Dataframe,"(10, 15)",0.0010156631,0.06375527381896973,0.056973934173583984,0.0004308224,0.0014536381,0.0057010650634765625
Categorical Dataframe,"(100, 15)",0.0009350777,0.04596257209777832,0.0444798469543457,0.0003745556,0.0013158321,0.07262039184570312
Categorical Dataframe,"(1000, 15)",0.0009233952,0.0446469783782959,0.04436016082763672,0.0003614426,0.0012910366,0.6161575317382812
Categorical Dataframe,"(10000, 15)",0.0009748936,0.04507136344909668,0.04437541961669922,0.0004205704,0.0014047623,5.210502624511719
Categorical Dataframe,"(100000, 15)",0.0016648769,0.05681133270263672,0.14804697036743164,0.0004155636,0.0020964146,47.401206970214844
