1,37,0,131251.81,9496,0,0
2,79,0,40183.29,9830,1,0
3,124,1,160882.76,8686,0,0
4,137,0,31084.79,9413,0,0
5,46,1,86615.25,8975,0,0
6,56,1,36468.55,8085,2,0
7,40,0,171488.73,9504,3,0
32,131,0,116923.00,9326,3,0
33,67,1,99798.76,8699,4,0
34,62,0,41670.02,10427,4,0
35,128,0,148789.52,9425,2,0
36,116,0,38988.98,9436,1,0
37,88,1,113701.89,8188,4,0
38,125,0,46366.56,9728,2,0
39,82,0,219707.84,9758,4,0
64,34,1,20065.73,8961,4,0
65,17,2,65883.92,9206,1,0
66,130,1,79258.24,8784,0,0
67,58,0,116227.05,9848,2,0
68,29,0,215135.72,10333,4,0
69,85,1,162176.23,8919,2,0
70,65,1,84651.80,8751,0,0
71,4,0,178821.73,10249,2,0
96,109,1,55090.67,8871,3,0
97,22,1,68908.31,8428,4,0
98,106,1,51004.44,9032,1,0
99,89,1,92326.79,8836,2,0
100,148,0,141311.01,10284,2,0
101,28,0,95591.40,9571,4,0
102,1,0,113954.89,9989,3,0
103,31,0,95563.95,9666,2,0
128,74,1,36333.34,8200,1,0
129,73,1,188124.55,8357,0,0
130,37,1,115717.37,8162,3,0
131,94,1,96596.81,8923,4,0
132,28,1,118802.62,8561,4,0
133,44,0,80437.72,10193,1,0
134,7,1,154260.84,8155,2,0
135,61,0,174569.88,9423,2,0
160,83,0,86076.86,9848,2,0
161,17,1,19056.99,9007,3,0
162,16,0,2158.13,9257,4,0
163,88,0,125170.86,10108,4,0
164,1,1,202660.52,8328,0,0
165,28,1,141824.23,8429,2,0
166,109,0,93335.60,9384,3,0
167,121,1,52982.23,8403,2,0
192,83,0,133002.55,10189,0,0
193,80,1,48053.18,8619,1,0
194,62,1,114097.63,8129,4,0
195,136,1,120053.52,8761,4,0
196,65,1,33248.04,8475,3,0
197,34,2,100290.07,9226,3,0
198,112,0,125792.83,10227,2,0
199,53,0,80592.44,9561,3,0
224,4,1,155680.60,8933,2,0
225,34,2,165890.47,9274,1,0
226,128,1,180119.22,8468,3,0
227,10,0,46076.46,9443,0,0
228,46,1,2638.98,8455,1,0
229,112,1,142290.77,8762,1,0
230,103,1,107231.60,8699,1,0
231,91,1,141554.06,9036,3,0
256,125,1,106315.25,8691,2,0
257,124,0,7102.74,10312,4,0
258,43,1,186669.10,8762,1,0
259,44,1,75661.70,8671,2,0
260,106,0,179292.14,9839,4,0
261,47,1,201003.12,8579,4,0
262,31,0,108443.84,9458,2,0
263,118,1,79782.56,8901,3,0
288,8,0,163794.53,9912,1,0
289,104,0,131092.67,9901,4,0
290,118,1,62814.89,8765,2,0
291,142,1,66817.05,8836,1,0
292,23,1,30783.05,8046,3,0
293,31,1,37248.78,8309,3,0
294,52,1,30059.47,8596,4,0
295,19,1,89345.99,9036,3,0
320,1,0,39835.54,10185,3,0
321,124,1,62251.15,8479,4,0
322,134,1,127068.89,8112,1,0
323,40,1,79683.42,8849,1,0
324,106,1,26868.85,8113,1,0
325,41,1,71543.41,8689,0,0
326,76,0,229165.17,9284,3,0
327,145,2,24468.16,9236,0,0
352,107,1,16003.86,8831,3,0
353,2,1,179984.42,8764,0,0
354,139,0,157062.70,9568,3,0
355,71,1,69447.25,8929,0,0
356,148,1,162786.67,8945,2,0
357,61,0,98723.11,9777,3,0
358,4,1,226806.66,8662,3,0
359,79,1,142891.22,9117,4,0
384,115,1,122785.82,8096,0,0
385,34,0,50724.06,9576,0,0
386,61,1,90380.40,9154,3,0
387,4,0,130647.18,9886,2,0
388,46,1,120533.46,8384,2,0
389,127,1,1984.14,8812,3,0
390,103,0,168562.27,10322,0,0
391,112,1,13282.23,9085,3,0
416,41,1,71362.50,8669,0,0
417,55,1,91982.29,8801,4,0
418,95,2,33124.96,9232,2,0
419,118,0,111597.96,9769,4,0
420,91,0,198039.23,9433,2,0
421,40,1,1084.38,8086,0,0
422,74,0,106045.89,10011,2,0
423,104,0,26981.31,9647,1,0
448,149,0,114978.03,9362,4,0
449,97,0,41605.63,9330,3,0
450,49,2,153386.61,9193,2,0
451,100,0,104664.40,10370,0,0
452,61,0,2007.48,10147,1,0
453,46,0,216826.73,10006,0,0
454,49,0,23198.24,9490,0,0
455,13,0,138010.76,9833,1,0
480,73,1,20530.97,8527,0,0
481,31,1,117827.18,8315,3,0
482,127,0,136634.34,9580,1,0
483,35,0,39793.05,9321,3,0
484,55,0,219920.62,9863,4,0
485,101,0,110432.76,9945,3,0
486,52,0,185968.15,9565,2,0
487,109,1,48502.79,8264,1,0
512,64,2,124661.48,9269,0,0
513,61,0,63703.92,9250,3,0
514,76,0,104585.77,9589,3,0
515,142,1,153720.22,8640,2,0
516,44,0,10677.86,10336,3,0
517,10,0,82197.79,9957,0,0
518,145,0,223537.09,10264,3,0
519,64,0,95731.50,10164,1,0
544,94,1,47627.89,8447,3,0
545,64,0,23476.12,9440,3,0
546,145,0,14790.37,9800,3,0
547,100,0,96855.29,9668,4,0
548,124,1,99088.75,9028,1,0
549,110,1,141679.41,8228,1,0
550,25,0,33123.28,9343,1,0
551,91,0,46355.83,9279,1,0
576,31,0,18307.45,9993,4,0
577,56,1,34768.68,9117,0,0
578,94,0,70392.02,9870,0,0
579,68,0,120828.12,10295,3,0
580,61,0,88219.12,10046,3,0
581,70,0,126066.00,9914,2,0
582,50,0,129004.81,10154,1,0
583,49,0,127817.38,9938,4,0
608,26,0,62567.99,9553,4,0
609,127,1,21088.59,8916,4,0
610,52,0,175142.28,9343,1,0
611,106,1,73907.63,8426,1,0
612,82,1,145695.42,8328,4,0
613,139,0,33396.35,9298,3,0
614,134,1,218116.21,8369,3,0
615,67,1,32890.89,8163,0,0
640,97,1,145495.62,8422,3,0
641,133,1,120626.49,8641,0,0
642,40,1,22994.51,8749,4,0
643,58,2,180396.95,9213,3,0
644,8,1,201268.06,8155,1,0
645,115,1,234763.73,9101,3,0
646,52,1,142070.65,9090,3,0
647,143,0,56449.23,10079,1,0
672,109,1,89877.09,8868,0,0
673,80,1,21137.08,8833,1,0
674,34,1,27204.60,8275,0,0
675,13,0,125188.72,10072,3,0
676,38,0,163966.67,9842,3,0
677,124,1,147915.68,8727,4,0
678,131,1,135761.05,8457,0,0
679,49,0,8945.03,9478,3,0
704,85,0,56210.26,9820,4,0
705,43,0,83773.49,9904,2,0
706,148,0,23973.60,9381,1,0
707,118,1,58218.35,9088,4,0
708,32,0,100445.59,10409,4,0
709,37,0,72055.87,10336,1,0
710,133,1,208974.42,8401,0,0
711,64,1,92484.70,8665,2,0
736,47,0,130204.17,10397,0,0
737,121,1,12984.85,8150,0,0
738,22,1,114145.18,8460,2,0
739,1,0,159171.69,10376,0,0
740,44,0,83490.99,9326,4,0
741,106,0,47985.98,10413,3,0
742,103,1,207632.55,9121,0,0
743,79,0,23614.89,9772,2,0
768,98,0,220636.82,9727,4,0
769,80,1,43092.76,8552,4,0
770,32,0,64271.75,10368,0,0
771,46,0,105302.05,9297,1,0
772,97,1,128234.96,8506,3,0
773,133,1,146862.27,8668,4,0
774,80,0,145857.60,9467,1,0
775,134,1,59455.61,9206,1,0
800,56,0,87892.38,10420,3,0
801,118,1,127717.72,8082,1,0
802,137,1,156381.95,9134,1,0
803,16,0,27629.66,9979,0,0
804,50,1,94400.43,8470,4,0
805,127,0,90042.41,9315,2,0
806,131,0,26839.16,9666,3,0
807,145,1,222392.53,8727,4,0
832,29,1,68494.08,8143,0,0
833,56,1,49033.69,8808,4,0
834,43,1,46459.92,8907,4,0
835,65,0,62430.67,9410,2,0
836,70,0,72843.48,9824,2,0
837,116,1,60918.41,8930,2,0
838,17,0,82918.36,10254,0,0
839,28,0,70182.63,9349,1,0
864,139,0,74710.74,10089,1,0
865,4,1,70430.54,8523,4,0
866,40,1,4766.19,8366,4,0
867,26,1,7471.75,8719,4,0
868,104,1,127345.45,8194,2,0
869,136,0,58932.19,9872,3,0
870,34,1,40492.37,8570,2,0
871,16,0,172861.58,9448,0,0
896,2,1,169847.63,8467,1,0
897,49,2,57697.44,9208,1,0
898,55,1,101020.75,8553,3,0
899,109,0,125562.09,10323,0,0
900,46,1,120073.51,9038,2,0
901,13,0,81826.12,10427,2,0
902,10,1,37348.62,8972,2,0
903,11,0,109351.87,9317,2,0
928,67,1,228136.49,9190,0,0
929,83,1,109301.02,8309,3,0
930,131,1,199102.23,9115,1,0
931,103,1,117909.23,8375,1,0
932,41,0,40234.50,9996,3,0
933,97,1,71349.30,8251,2,0
934,52,0,17213.59,9679,1,0
935,50,0,97733.87,10127,0,0
960,35,1,63537.13,9028,4,0
961,56,2,158893.16,9284,2,0
962,37,1,98258.73,8890,0,0
963,26,1,53287.25,8910,4,0
964,76,0,131146.47,9269,4,0
965,70,2,41758.44,9264,0,0
966,14,0,120516.93,10345,3,0
967,110,1,179287.95,8206,4,0
992,55,0,133665.12,10175,4,0
993,80,0,198238.65,9382,4,0
994,2,1,41433.48,8874,0,0
995,116,2,135157.92,9280,4,0
996,71,0,47447.63,10223,1,0
997,109,0,27561.82,9999,3,0
998,32,1,65269.38,9094,2,0
999,61,1,145249.13,8647,0,0
1024,4,0,176084.63,10217,0,0
1025,103,1,82034.03,9254,3,0
1026,73,0,36464.76,10015,0,0
1027,128,1,112770.89,8188,4,0
1028,70,1,153864.67,8765,3,0
1029,130,1,47440.91,8936,3,0
1030,134,1,16346.94,8930,0,0
1031,4,1,128024.71,9008,4,0
1056,28,1,38446.39,9171,1,0
1057,76,1,108107.42,8084,1,0
1058,53,1,89359.11,8515,4,0
1059,127,1,198360.22,8822,1,0
1060,140,1,121994.04,8451,4,0
1061,103,0,166947.75,10360,0,0
1062,106,0,39805.04,9875,1,0
1063,37,1,41392.31,8856,3,0
1088,148,1,47120.41,8175,0,0
1089,49,0,103192.74,9619,2,0
1090,19,0,32929.30,10179,3,0
1091,83,0,35795.22,9734,1,0
1092,124,2,85552.21,9192,4,0
1093,101,0,79189.58,10072,2,0
1094,145,0,9006.25,10218,4,0
1095,145,0,178491.24,9363,4,0
1120,140,0,107958.62,10171,4,0
1121,29,0,241837.88,9873,4,0
1122,121,0,179747.47,9870,1,0
1123,73,0,93259.93,9710,4,0
1124,80,0,141858.97,10436,0,0
1125,25,1,80438.38,9064,3,0
1126,145,0,59982.31,10253,2,0
1127,58,0,103320.91,9391,2,0
1152,49,1,51775.54,8990,2,0
1153,121,0,220727.97,9603,0,0
1154,37,1,192417.85,8079,1,0
1155,149,0,126902.81,10139,3,0
1156,133,0,217682.81,9787,1,0
1157,97,0,85394.06,10239,2,0
1158,142,0,31075.51,9676,3,0
1159,70,1,55553.68,8295,4,0
1184,89,0,39700.29,10159,0,0
1185,74,1,47033.21,8270,0,0
1186,59,0,82026.18,9722,2,0
1187,134,1,85948.02,8358,4,0
1188,20,0,54655.07,9596,3,0
1189,46,1,71017.99,8863,1,0
1190,13,0,31043.39,9935,0,0
1191,112,0,28623.04,9440,4,0
1216,122,1,68056.57,8375,0,0
1217,7,1,40982.08,8150,2,0
1218,10,1,99834.47,8935,2,0
1219,28,0,10163.56,9407,4,0
1220,49,0,122157.14,9736,1,0
1221,14,1,117397.16,8143,2,0
1222,10,1,47623.94,8435,4,0
1223,10,0,26714.67,9640,2,0
1248,49,1,210713.88,8035,1,0
1249,149,1,45889.09,8769,1,0
1250,37,1,12907.62,8306,2,0
1251,38,0,109536.55,10163,1,0
1252,149,0,93403.05,10076,0,0
1253,115,1,92730.74,8425,1,0
1254,70,0,94649.25,9485,1,0
1255,122,1,62518.31,8914,2,0
1280,97,1,91664.85,8410,0,0
1281,62,1,165454.51,9109,1,0
1282,116,1,61297.42,8093,2,0
1283,118,0,202623.92,9737,2,0
1284,134,0,106122.38,9501,3,0
1285,11,1,139124.72,8186,1,0
1286,109,1,207291.83,8533,2,0
1287,19,1,131432.42,8950,3,0
1312,112,1,58111.00,8903,4,0
1313,148,1,46598.65,9020,1,0
1314,143,1,56207.66,8897,4,0
1315,22,0,121935.23,10306,0,0
1316,16,1,163746.47,8736,1,0
1317,100,2,139714.71,9268,3,0
1318,128,0,81663.65,10403,4,0
1319,32,0,31103.83,9765,3,0
1344,17,1,43809.37,8140,0,0
1345,95,1,111207.93,8335,0,0
1346,76,1,171975.62,8203,3,0
1347,41,0,173444.60,10031,0,0
1348,19,0,94135.77,10333,0,0
1349,64,0,46376.09,10159,1,0
1350,52,1,49305.98,8635,1,0
1351,106,0,24637.96,10335,1,0
1376,47,0,23984.88,9984,2,0
1377,20,0,108334.30,10339,2,0
1378,20,0,118495.12,9563,2,0
1379,65,0,84627.76,10370,0,0
1380,137,0,94969.41,9683,4,0
1381,127,0,58212.22,10370,4,0
1382,133,1,173522.71,8628,0,0
1383,121,1,34797.72,8516,3,0
1408,55,0,183965.61,10220,2,0
1409,143,1,72440.52,8399,2,0
1410,113,0,114879.19,9962,0,0
1411,95,1,164462.61,9119,3,0
1412,53,1,78676.54,8471,2,0
1413,91,0,75733.58,10025,4,0
1414,77,0,38057.81,9357,1,0
1415,79,1,24654.79,8913,2,0
1440,98,0,50201.16,9351,0,0
1441,122,0,156477.94,9925,2,0
1442,112,1,7108.12,8950,2,0
1443,44,0,44672.03,9845,0,0
1444,134,1,207907.60,9104,4,0
1445,115,1,154653.32,9139,4,0
1446,41,0,27663.16,10272,0,0
1447,91,1,108171.38,8322,3,0
1472,149,0,65331.05,9774,0,0
1473,94,0,80624.38,9936,4,0
1474,70,1,51697.18,9138,1,0
1475,5,0,185496.66,10176,3,0
1476,145,0,18795.62,9673,3,0
1477,76,0,231831.35,10096,0,0
1478,50,0,20791.50,10075,3,0
1479,16,0,31471.04,9479,2,0
1504,2,1,89399.40,8274,4,0
1505,37,1,55892.35,8267,3,0
1506,148,1,195844.84,8298,4,0
1507,121,1,96166.92,8686,4,0
1508,103,0,151282.65,10325,0,0
1509,64,1,180455.98,8588,0,0
1510,53,0,154590.05,9755,0,0
1511,79,0,59651.38,9851,2,0
1536,94,0,5184.26,9886,4,0
1537,109,1,108317.51,8079,2,0
1538,29,0,179554.41,9298,2,0
1539,112,1,39612.63,9198,0,0
1540,16,1,128014.15,8251,3,0
1541,94,2,47286.32,9267,1,0
1542,143,1,132972.24,8657,4,0
1543,52,0,139047.22,9911,1,0
1568,17,0,76119.72,9890,2,0
1569,104,0,87803.55,10317,0,0
1570,124,0,35589.57,10300,1,0
1571,103,1,151404.78,8373,3,0
1572,11,0,47232.79,9549,3,0
1573,148,1,86918.57,8396,3,0
1574,134,0,179923.54,9841,4,0
1575,145,0,197031.52,9385,4,0
1600,94,1,130515.61,8461,4,0
1601,53,1,73962.95,9003,0,0
1602,1,1,4225.26,8616,0,0
1603,2,1,29305.47,8611,2,0
1604,113,1,107139.29,8597,0,0
1605,58,0,130687.64,10339,2,0
1606,53,0,115877.40,9967,2,0
1607,149,0,166335.03,9479,3,0
1632,67,0,183286.33,9868,4,0
1633,16,0,52359.51,9416,3,0
1634,70,0,145898.47,9748,1,0
1635,4,0,70232.26,9904,4,0
1636,79,0,172021.87,10028,4,0
1637,73,1,180912.15,9168,2,0
1638,139,0,172436.30,10085,3,0
1639,5,0,104166.56,9361,2,0
1664,64,0,178060.22,9557,1,0
1665,76,1,4819.91,8892,3,0
1666,95,0,128367.97,9420,1,0
1667,5,0,125030.37,10143,3,0
1668,142,0,137576.19,10053,2,0
1669,2,0,24362.39,10020,4,0
1670,25,0,89999.72,10004,3,0
1671,35,0,104391.11,9703,2,0
1696,4,0,102665.03,10233,2,0
1697,76,0,122621.31,9775,1,0
1698,40,0,141118.87,9973,3,0
1699,85,1,66408.29,8763,1,0
1700,65,0,89143.36,9661,4,0
1701,130,1,72835.95,8173,3,0
1702,67,2,194119.31,9256,3,0
1703,134,1,121220.59,8427,4,0
1728,64,0,131604.34,9637,3,0
1729,133,1,12137.76,8173,3,0
1730,124,0,150886.49,10430,0,0
1731,128,0,190490.78,9500,1,0
1732,146,1,179854.51,8732,0,0
1733,148,0,165489.52,9627,3,0
1734,7,1,44002.53,8926,3,0
1735,22,1,98541.95,8395,1,0
1760,115,0,82151.12,9632,0,0
1761,106,1,211925.95,8757,3,0
1762,77,1,202227.17,8996,2,0
1763,121,0,140685.01,9797,3,0
1764,29,1,47384.71,8118,1,0
1765,73,0,36551.43,9466,2,0
1766,139,0,41032.81,9780,3,0
1767,25,2,136582.60,9202,3,0
1792,49,1,107919.86,8712,0,0
1793,19,1,82504.56,8227,2,0
1794,140,0,179462.21,10131,1,0
1795,94,1,146849.33,8842,3,0
1796,47,1,33755.47,8359,3,0
1797,125,0,51494.47,9622,4,0
1798,52,0,46393.97,10069,1,0
1799,61,1,46815.93,8830,2,0
1824,49,1,81351.53,8889,1,0
1825,148,1,150582.77,8738,4,0
1826,82,1,124719.97,8140,2,0
1827,106,0,210113.88,9668,2,0
1828,32,1,137369.50,8872,4,0
1829,112,1,127532.20,8892,3,0
1830,133,1,85122.24,9183,1,0
1831,71,1,58032.77,8735,1,0
1856,106,1,189361.42,8113,2,0
1857,133,1,102793.59,8412,3,0
1858,143,0,30457.91,10207,1,0
1859,61,0,105094.09,9961,2,0
1860,10,0,9103.40,9589,4,0
1861,70,1,95063.41,8767,4,0
1862,34,0,97981.06,10280,0,0
1863,74,1,96359.65,8665,2,0
1888,121,1,224724.11,8703,2,0
1889,25,0,96431.77,9935,1,0
1890,10,0,202364.58,9847,2,0
1891,61,1,76848.96,9113,0,0
1892,25,1,133273.64,8849,0,0
1893,125,0,116792.13,10163,3,0
1894,76,1,44387.23,8123,1,0
1895,7,1,44429.81,8914,4,0
1920,110,0,119605.91,10400,0,0
1921,88,1,57584.12,8782,4,0
1922,56,0,11575.77,9689,4,0
1923,136,0,171128.10,10048,1,0
1924,76,0,169756.19,9745,2,0
1925,17,1,146382.71,8098,1,0
1926,94,0,100035.03,9525,3,0
1927,140,0,23327.88,9402,4,0
1952,67,1,12896.25,8839,3,0
1953,149,1,57213.18,8733,4,0
1954,56,0,158853.63,10011,2,0
1955,13,1,103085.13,8144,1,0
1956,127,1,88704.26,8297,2,0
1957,31,0,77482.87,10427,3,0
1958,53,0,176294.34,9394,0,0
1959,43,0,62277.18,9873,2,0
1984,52,0,79230.47,10316,1,0
1985,7,1,171522.54,9009,2,0
1986,149,1,34269.96,8889,3,0
1987,100,1,6406.29,8884,3,0
1988,109,0,117132.72,9408,2,0
1989,118,1,39263.28,8839,2,0
1990,119,1,48781.39,9114,3,0
1991,19,1,139854.41,8284,2,0
2016,8,0,24347.36,9723,4,0
2017,101,0,70529.27,10358,4,0
2018,19,2,25007.95,9224,2,0
2019,136,1,43789.14,8330,1,0
2020,73,1,136162.13,8571,4,0
2021,70,0,27016.74,9325,1,0
2022,62,1,206742.11,8108,1,0
2023,118,1,144123.37,8160,0,0
2048,17,1,33401.77,8718,1,0
2049,31,0,153048.74,9470,3,0
2050,28,1,208517.98,8917,2,0
2051,40,0,87988.34,9572,2,0
2052,91,1,141822.19,8137,3,0
2053,142,1,125125.57,9167,1,0
2054,41,1,144335.16,8193,2,0
2055,97,1,57092.26,8646,1,0
2080,95,1,45767.69,8568,0,0
2081,121,0,145654.97,10046,3,0
2082,49,1,46753.63,9139,3,0
2083,101,1,31795.52,8594,4,0
2084,80,1,190652.53,8475,3,0
2085,49,1,45311.07,8724,4,0
2086,142,1,188985.18,9056,1,0
2087,50,0,53581.41,10256,3,0
2112,64,0,17986.15,9896,3,0
2113,32,0,65678.21,10172,3,0
2114,79,1,106446.02,9145,0,0
2115,106,0,134814.65,10368,2,0
2116,23,1,60887.90,9002,1,0
2117,22,0,145713.03,9976,3,0
2118,134,0,38974.67,9777,1,0
2119,64,0,34632.57,9727,3,0
2144,136,1,119917.28,8852,4,0
2145,134,1,18885.35,8310,1,0
2146,118,1,179686.07,8291,2,0
2147,100,1,91513.79,8283,2,0
2148,130,1,19612.03,9238,2,0
2149,101,1,105145.40,8471,0,0
2150,82,1,166961.06,8918,4,0
2151,58,0,124608.69,9810,4,0
2176,104,1,87248.17,8348,1,0
2177,136,0,183493.42,9880,4,0
2178,8,0,79594.68,9841,4,0
2179,41,0,77487.09,9745,3,0
2180,76,0,208481.57,9752,2,0
2181,76,0,100954.64,9385,4,0
2182,23,1,116003.11,8859,3,0
2183,113,0,49841.12,9668,1,0
2208,68,2,245388.06,9250,2,0
2209,91,1,129086.93,8225,3,0
2210,32,1,31689.46,8049,3,0
2211,92,1,140031.23,8945,3,0
2212,118,1,17231.05,8846,4,0
2213,122,1,146136.10,8414,2,0
2214,115,0,150345.63,10350,4,0
2215,40,0,108239.46,9662,2,0
2240,56,1,174090.30,8099,2,0
2241,103,1,165219.08,8530,1,0
2242,82,0,15082.82,10061,2,0
2243,49,0,10451.97,9290,3,0
2244,127,1,21207.08,8408,1,0
2245,58,1,150585.73,8517,4,0
2246,113,0,85755.84,9642,2,0
2247,95,1,13491.31,8248,2,0
2272,139,1,127934.71,8502,3,0
2273,136,0,142291.79,9843,0,0
2274,104,1,58273.89,8646,2,0
2275,149,1,37398.90,8329,2,0
2276,43,0,141159.63,9614,2,0
2277,89,1,79270.23,9131,2,0
2278,142,0,101878.46,10340,4,0
2279,80,1,142322.33,8453,4,0
2304,46,1,93769.28,8771,2,0
2305,43,1,122964.66,8425,3,0
2306,28,0,244704.23,9336,3,0
2307,106,1,59417.76,8579,0,0
2308,25,1,58546.02,8332,2,0
2309,100,0,146933.07,9376,0,0
2310,31,0,82928.12,9758,0,0
2311,73,2,153233.93,9251,3,0
2336,142,0,22294.51,9501,2,0
2337,142,0,45704.96,10029,2,0
2338,140,0,28155.92,10118,3,0
2339,109,1,63470.78,8748,0,0
2340,65,0,30778.78,9506,1,0
2341,82,1,55950.21,8549,0,0
2342,37,0,104038.78,9655,1,0
2343,73,0,85381.00,9362,4,0
2368,13,1,101240.96,8631,1,0
2369,110,0,73517.91,9853,3,0
2370,142,1,73924.21,8781,1,0
2371,19,0,193857.67,10232,1,0
2372,31,0,104927.66,10185,0,0
2373,28,1,55211.04,8835,2,0
2374,4,1,115219.88,8701,2,0
2375,5,0,106612.48,9819,4,0
2400,37,0,92798.66,10431,0,0
2401,148,0,88448.24,10070,2,0
2402,67,0,70403.62,9744,2,0
2403,55,0,111020.79,10326,4,0
2404,77,0,109077.69,9932,2,0
2405,73,0,115929.14,9852,4,0
2406,7,0,182516.77,9796,0,0
2407,55,0,112843.52,10395,3,0
2432,103,0,62661.93,9689,1,0
2433,31,1,147071.86,8998,2,0
2434,25,0,123956.25,9977,4,0
2435,73,1,122490.66,8451,0,0
2436,125,0,73990.08,9383,2,0
2437,85,1,143411.69,8510,2,0
2438,13,1,214494.39,8595,3,0
2439,55,0,41811.12,9934,3,0
2464,145,0,30495.65,10187,0,0
2465,34,0,180737.75,9304,1,0
2466,19,1,161625.50,8829,1,0
2467,35,0,7231.91,9326,2,0
2468,112,0,160627.01,10020,2,0
2469,124,0,192074.23,9825,0,0
2470,58,0,104966.33,9969,4,0
2471,89,0,34936.31,10296,2,0
2496,136,1,140390.60,8773,3,0
2497,47,1,171326.48,8273,1,0
2498,97,1,45514.27,8711,0,0
2499,121,0,147243.86,9396,1,0
2500,133,1,131122.82,8261,3,0
2501,67,0,79380.51,10005,0,0
2502,70,1,33470.40,8547,2,0
2503,7,1,183671.08,8570,4,0
2528,55,1,92069.62,9088,1,0
2529,136,0,4104.30,9727,3,0
2530,128,1,58853.11,8844,4,0
2531,44,0,143212.85,9621,2,0
2532,94,0,116093.49,9413,3,0
2533,50,0,168495.03,9943,1,0
2534,76,0,202784.54,9693,4,0
2535,121,1,67018.30,8544,0,0
2560,131,1,153426.79,8282,1,0
2561,58,0,137473.58,10178,1,0
2562,10,1,136360.37,8247,1,0
2563,62,1,168952.10,8722,2,0
2564,77,1,3967.47,9016,3,0
2565,56,0,204438.57,10284,4,0
2566,86,1,89992.48,8317,4,0
2567,70,0,263411.29,10283,3,0
2592,101,1,8225.96,8463,2,0
2593,92,1,134726.09,8646,3,0
2594,79,1,94866.39,8385,1,0
2595,74,0,173130.20,9477,2,0
2596,43,0,74940.13,9724,1,0
2597,104,1,21964.66,8434,3,0
2598,112,0,84871.50,9559,4,0
2599,149,0,62807.13,9806,3,0
2624,52,0,27148.63,9827,0,0
2625,40,1,39382.74,8321,2,0
2626,139,0,84314.51,9380,2,0
2627,149,1,26798.65,8117,4,0
2628,56,1,165655.99,8694,0,0
2629,139,0,96458.03,10321,0,0
2630,85,1,127132.51,8331,0,0
2631,37,1,63103.32,8666,0,0
2656,77,1,105492.37,8523,1,0
2657,25,0,148176.06,9419,3,0
2658,14,0,163834.46,9395,4,0
2659,83,1,79785.52,8751,2,0
2660,127,0,16922.51,9346,0,0
2661,74,0,106036.84,9864,4,0
2662,37,0,87689.88,9728,4,0
2663,95,0,35131.80,9378,1,0
2688,98,1,181077.36,8057,3,0
2689,103,1,41552.78,8133,2,0
2690,94,0,224674.27,9585,4,0
2691,7,1,30137.17,8154,0,0
2692,62,0,24265.24,10196,4,0
2693,19,0,66158.13,9742,1,0
2694,121,0,102807.59,9568,0,0
2695,58,0,138584.20,9727,1,0
2720,31,1,161307.05,8558,1,0
2721,79,0,59180.25,9521,3,0
2722,35,1,50328.84,8863,0,0
2723,61,0,104759.25,9408,0,0
2724,137,1,116069.66,9021,3,0
2725,89,1,75144.68,8905,2,0
2726,7,1,47753.00,8365,0,0
2727,74,0,3089.42,10334,2,0
2752,59,1,187932.30,8722,3,0
2753,16,1,159720.39,8733,3,0
2754,145,1,25985.52,8857,3,0
2755,118,1,101202.18,8071,2,0
2756,118,1,142323.38,8872,1,0
2757,76,0,89792.48,9330,3,0
2758,43,0,36671.88,10418,0,0
2759,116,1,89731.10,8728,2,0
2784,95,0,106635.21,10232,1,0
2785,148,0,132854.79,9331,3,0
2786,79,1,178254.66,8115,3,0
2787,103,0,3726.14,9402,1,0
2788,124,1,17172.66,9029,1,0
2789,37,0,219123.27,10298,3,0
2790,25,1,177458.97,8995,3,0
2791,121,1,156697.55,9047,3,0
2816,58,1,42225.53,9027,3,0
2817,40,1,71453.85,8873,4,0
2818,49,1,120086.84,9110,4,0
2819,103,1,66927.16,8889,1,0
2820,19,1,143813.39,8904,4,0
2821,118,1,36592.48,8620,4,0
2822,79,1,40142.15,8606,3,0
2823,79,0,171894.45,9381,3,0
2848,70,1,116258.53,8103,1,0
2849,46,0,180054.29,9615,3,0
2850,100,0,122969.79,9770,3,0
2851,145,0,7859.36,10110,0,0
2852,91,1,99050.81,8415,1,0
2853,94,1,103641.15,8889,3,0
2854,139,1,153568.02,8942,1,0
2855,49,1,48419.58,8493,2,0
2880,8,1,145761.99,8108,3,0
2881,100,1,45695.84,8164,0,0
2882,121,0,172872.37,9363,3,0
2883,121,1,170360.27,9152,0,0
2884,92,0,71683.84,10145,4,0
2885,7,1,146896.72,8296,2,0
2886,109,1,94527.23,9081,2,0
2887,109,0,28571.39,10006,0,0
2912,94,1,27727.52,8105,0,0
2913,43,0,130702.19,10053,4,0
2914,109,1,60867.14,8461,4,0
2915,94,1,96015.13,8854,0,0
2916,8,0,20182.22,9490,3,0
2917,91,0,100714.13,10203,2,0
2918,118,0,21760.09,9746,4,0
2919,53,1,137223.14,8743,3,0
2944,14,0,146581.14,10127,2,0
2945,29,0,223507.72,9497,3,0
2946,125,0,102226.59,9530,0,0
2947,70,2,43360.95,9245,1,0
2948,44,1,100758.71,8999,0,0
2949,137,1,94231.71,8866,3,0
2950,136,0,183620.33,10047,1,0
2951,74,0,125509.17,9531,3,0
2976,29,1,145768.47,8743,2,0
2977,73,0,25170.88,9734,4,0
2978,44,2,139542.14,9252,1,0
2979,133,0,116789.98,9577,4,0
2980,4,0,187514.11,9752,4,0
2981,49,0,37776.79,10435,0,0
2982,85,1,55582.94,9207,3,0
2983,62,1,58168.07,8040,1,0
3008,40,0,156018.74,9441,4,0
3009,55,0,108424.94,9919,1,0
3010,8,0,141647.08,9520,3,0
3011,91,1,46418.85,8047,0,0
3012,32,1,91678.66,8524,1,0
3013,143,0,156407.40,9896,0,0
3014,29,1,194159.59,8337,2,0
3015,103,1,110826.83,8304,0,0
3040,112,1,119201.64,8501,4,0
3041,113,0,23039.46,10014,0,0
3042,20,1,104523.03,9089,4,0
3043,44,1,78221.69,8149,0,0
3044,53,0,52433.54,9588,3,0
3045,50,0,85822.67,9399,1,0
3046,32,0,117817.52,9463,3,0
3047,25,0,37881.31,9940,1,0
3072,23,1,87475.82,8794,2,0
3073,136,1,151419.50,8772,4,0
3074,67,1,85861.93,8339,0,0
3075,127,1,37696.70,8891,4,0
3076,92,1,93828.15,8603,3,0
3077,121,0,99290.01,10078,3,0
3078,49,1,46310.83,8442,3,0
3079,100,0,148299.05,10115,0,0
3104,70,1,102693.61,8658,4,0
3105,137,0,125396.80,9812,2,0
3106,145,0,132494.97,9872,4,0
3107,26,0,107406.26,10093,1,0
3108,85,1,63278.00,8616,1,0
3109,124,1,216104.85,8604,0,0
3110,88,1,115161.29,9115,3,0
3111,133,0,154383.37,9366,0,0
3136,23,1,145426.11,8986,2,0
3137,136,0,8958.65,9336,4,0
3138,139,1,139579.18,8804,2,0
3139,17,1,40975.96,8035,4,0
3140,145,1,54356.10,8133,1,0
3141,26,0,115959.96,9443,1,0
3142,8,1,16030.15,8213,4,0
3143,107,1,135647.68,8447,1,0
3168,136,1,69412.71,8063,0,0
3169,19,1,126804.90,8754,4,0
3170,5,0,190142.17,10173,1,0
3171,47,1,84405.78,8495,0,0
3172,89,1,121360.83,8188,2,0
3173,148,0,64892.73,9717,0,0
3174,127,0,92856.91,9448,0,0
3175,44,1,205282.63,8960,0,0
3200,13,0,131103.31,9532,1,0
3201,97,1,90755.31,8582,2,0
3202,88,1,50601.01,8392,0,0
3203,127,0,49357.72,10169,3,0
3204,10,1,41573.42,8394,1,0
3205,148,1,153637.79,8135,0,0
3206,122,0,64344.86,9716,1,0
3207,22,0,133038.59,10272,1,0
3232,82,1,55619.01,8316,1,0
3233,140,1,54121.92,9061,0,0
3234,14,0,147343.68,9590,2,0
3235,46,0,104695.09,9448,0,0
3236,142,0,39470.39,9805,2,0
3237,19,1,10508.12,8188,1,0
3238,61,1,41375.69,8451,0,0
3239,35,0,156802.80,10237,2,0
3264,94,0,162634.53,9801,0,0
3265,53,1,43315.15,8212,1,0
3266,4,2,68309.28,9205,0,0
3267,112,0,33998.90,9867,0,0
3268,142,1,36024.96,8940,0,0
3269,17,0,218697.85,9555,4,0
3270,38,0,166669.86,10008,1,0
3271,34,1,86534.05,8034,1,0
3296,148,1,187553.35,9056,4,0
3297,139,1,9679.45,8341,3,0
3298,116,0,62716.67,9602,0,0
3299,91,1,42867.92,8759,4,0
3300,118,0,27049.22,9325,0,0
3301,133,1,48497.09,9011,2,0
3302,34,0,38330.42,9447,3,0
3303,145,0,97758.28,10208,2,0
3328,7,1,139580.85,8357,0,0
3329,4,0,46107.70,9313,3,0
3330,7,1,43255.19,9117,1,0
3331,91,1,65189.17,8540,3,0
3332,143,1,73739.06,9073,1,0
3333,92,1,197973.22,8293,2,0
3334,76,0,28930.68,9543,0,0
3335,49,0,112603.34,9417,4,0
3360,103,0,168750.48,10248,0,0
3361,49,1,75026.51,8269,2,0
3362,140,0,183176.60,9339,0,0
3363,52,0,91017.61,9395,3,0
3364,46,0,108412.57,10032,1,0
3365,82,1,174634.12,9077,3,0
3366,52,0,13603.08,9998,1,0
3367,73,1,101339.68,8399,2,0
3392,74,0,96057.42,9430,1,0
3393,98,0,183104.71,9314,3,0
3394,149,0,162165.94,9620,2,0
3395,149,1,141486.77,9067,2,0
3396,149,1,196443.16,8905,4,0
3397,130,1,80084.61,8938,4,0
3398,67,0,1147.42,9761,1,0
3399,122,2,56938.16,9188,2,0
3424,103,0,42410.57,9728,1,0
3425,115,0,157040.57,9585,2,0
3426,53,0,91929.93,9784,4,0
3427,4,0,133451.14,10009,2,0
3428,10,0,88047.04,9592,0,0
3429,146,0,141902.54,9866,2,0
3430,113,1,161066.22,9110,2,0
3431,47,1,45536.27,8633,1,0
3456,46,1,32796.35,8551,0,0
3457,25,2,174223.20,9246,2,0
3458,95,1,153069.14,9120,3,0
3459,119,1,127134.05,8973,2,0
3460,82,0,245976.74,9405,3,0
3461,100,1,190960.69,8430,1,0
3462,133,0,63590.17,9997,4,0
3463,89,1,85255.56,8629,1,0
3488,148,1,92716.17,9137,4,0
3489,109,1,62453.97,8609,4,0
3490,91,0,100106.96,10006,0,0
3491,83,0,50287.06,10400,1,0
3492,103,1,168721.45,9092,0,0
3493,82,1,41686.10,8635,3,0
3494,49,1,136058.70,8493,0,0
3495,31,0,58666.79,9551,3,0
3520,125,0,151233.65,10076,1,0
3521,7,1,142029.67,8333,0,0
3522,26,1,151515.08,9033,0,0
3523,149,0,129657.08,10322,3,0
3524,94,1,22767.49,8157,3,0
3525,109,0,100749.60,9485,2,0
3526,56,1,53827.34,9204,0,0
3527,56,0,145232.09,10032,0,0
3552,35,0,103656.44,9973,3,0
3553,91,1,119838.14,8902,4,0
3554,44,0,98335.61,9297,0,0
3555,46,0,134442.37,9683,0,0
3556,16,1,114681.55,8300,2,0
3557,121,1,85477.89,8347,3,0
3558,28,0,112912.00,9554,1,0
3559,106,1,30722.49,8331,4,0
3584,13,0,80487.97,10083,1,0
3585,139,1,159015.39,9091,3,0
3586,121,1,112845.04,8738,3,0
3587,79,0,174798.97,9625,2,0
3588,119,1,207925.83,9207,2,0
3589,31,1,39103.37,8910,3,0
3590,149,2,218482.70,9262,0,0
3591,136,1,98140.86,8741,4,0
3616,128,1,60933.29,8811,2,0
3617,40,0,126205.42,9573,4,0
3618,10,0,136954.81,10207,4,0
3619,149,0,222274.54,9819,3,0
3620,44,0,59291.75,9926,0,0
3621,142,1,106150.05,8525,4,0
3622,91,0,109202.90,9460,0,0
3623,4,0,175017.68,9855,1,0
3648,125,1,180417.11,8567,0,0
3649,40,1,124470.32,8951,0,0
3650,46,1,189547.57,8182,2,0
3651,100,0,113191.45,10342,1,0
3652,107,0,107732.23,9916,2,0
3653,40,1,142866.39,8850,1,0
3654,7,1,222653.54,8188,0,0
3655,49,1,74882.22,8313,1,0
3680,127,1,124402.59,8378,2,0
3681,52,1,36889.65,8128,1,0
3682,32,0,67525.43,9882,3,0
3683,88,1,99960.46,8462,3,0
3684,23,1,89509.91,8600,3,0
3685,16,1,154958.89,8050,4,0
3686,40,0,82190.77,10413,3,0
3687,43,1,99851.38,8433,1,0
3712,64,1,127527.05,8035,3,0
3713,149,0,215342.63,10352,4,0
3714,40,0,84493.55,10346,4,0
3715,65,0,64000.93,9572,1,0
3716,43,0,146221.66,10091,2,0
3717,28,0,176525.53,10379,2,0
3718,31,0,63195.54,9791,3,0
3719,118,0,139902.71,9907,3,0
3744,65,1,33085.68,8043,4,0
3745,112,1,19405.73,8671,0,0
3746,74,1,80018.54,9018,2,0
3747,149,0,204355.65,9727,1,0
3748,53,0,83804.38,10284,1,0
3749,38,2,87073.89,9184,4,0
3750,97,2,177181.67,9249,4,0
3751,10,1,202917.72,8881,2,0
3776,85,1,150349.92,8358,3,0
3777,28,1,82467.29,8862,4,0
3778,106,1,221036.31,8545,1,0
3779,74,0,31538.94,9865,2,0
3780,41,0,65385.42,9598,0,0
3781,139,0,133864.82,9666,1,0
3782,65,0,145096.17,9731,1,0
3783,44,1,155017.92,8739,2,0
3808,79,1,228054.01,8878,1,0
3809,148,0,143070.70,9616,0,0
3810,100,1,124675.27,8294,1,0
3811,80,0,154967.89,10331,4,0
3812,41,0,70502.52,9720,4,0
3813,146,0,77247.05,10405,1,0
3814,118,2,149451.88,9182,0,0
3815,104,0,14275.01,10098,1,0
3840,100,0,187156.38,10423,2,0
3841,58,1,129033.13,9042,2,0
3842,28,1,131447.03,8133,0,0
3843,10,0,34035.17,9864,2,0
3844,79,1,6793.45,9127,1,0
3845,89,1,134333.33,8150,1,0
3846,49,0,123120.06,10261,3,0
3847,34,1,7014.31,8470,0,0
3872,134,0,198538.68,9744,0,0
3873,55,0,95291.79,10314,2,0
3874,119,1,66455.34,8559,4,0
3875,118,0,74483.95,10113,1,0
3876,29,0,95126.32,9709,0,0
3877,17,1,178492.01,8540,0,0
3878,88,0,59989.66,9942,1,0
3879,142,0,80274.22,9456,1,0
3904,149,0,39338.44,10179,2,0
3905,22,1,56227.04,8754,2,0
3906,46,1,145630.76,8182,4,0
3907,67,1,240457.56,8265,4,0
3908,43,1,57127.71,8467,4,0
3909,22,0,82746.74,10433,1,0
3910,64,0,47272.67,9733,4,0
3911,10,2,35019.95,9205,2,0
3936,32,0,168618.39,9806,3,0
3937,94,0,187516.29,10194,2,0
3938,31,1,46918.22,8461,1,0
3939,70,0,8720.45,9505,0,0
3940,149,0,129012.84,9539,0,0
3941,136,0,95453.80,9736,3,0
3942,76,1,38596.81,8578,2,0
3943,40,0,60314.97,9777,0,0
3968,25,0,121704.45,9908,2,0
3969,52,0,169797.40,9994,3,0
3970,76,1,163709.85,8120,4,0
3971,104,0,47925.47,9674,0,0
3972,124,1,1861.19,8875,4,0
3973,103,1,91541.48,8117,2,0
3974,94,0,56779.06,9559,2,0
3975,118,0,37804.43,9230,4,0
4000,70,1,84053.93,8037,0,0
4001,115,0,95929.46,9995,4,0
4002,104,0,76518.11,9958,0,0
4003,112,1,17603.01,8426,1,0
4004,70,1,220715.14,8526,4,0
4005,140,0,129062.13,9819,3,0
4006,35,1,70557.05,9133,4,0
4007,8,1,116193.97,8568,3,0
4032,10,0,62497.51,10282,4,0
4033,83,1,57740.74,8552,0,0
4034,94,1,186912.51,8717,2,0
4035,118,1,22840.21,8083,0,0
4036,47,0,82563.10,9976,4,0
4037,121,1,36389.43,8482,3,0
4038,94,0,155045.39,9500,1,0
4039,29,0,143753.01,10180,1,0
4064,130,0,148500.71,9778,2,0
4065,80,1,156345.64,8924,1,0
4066,32,0,176911.21,9887,2,0
4067,16,1,136517.34,8314,3,0
4068,125,0,71852.67,9756,4,0
4069,73,1,198816.13,8167,4,0
4070,29,0,98275.37,9292,3,0
4071,148,0,67789.42,9753,2,0
4096,139,1,81089.61,8218,2,0
4097,10,0,134308.04,9639,1,0
4098,23,0,48478.54,9804,2,0
4099,17,1,207364.80,8267,1,0
4100,4,0,3892.77,9566,4,0
4101,142,1,21640.10,8725,2,0
4102,22,0,128786.57,9571,1,0
4103,106,1,38164.23,8218,0,0
4128,139,0,5472.17,9409,2,0
4129,32,1,67226.28,8576,4,0
4130,104,0,47823.04,9564,0,0
4131,44,0,145971.60,10255,1,0
4132,19,2,65601.08,9278,2,0
4133,101,1,31693.88,8253,2,0
4134,97,1,125191.12,9141,1,0
4135,37,0,99577.55,9929,4,0
4160,55,0,82493.07,9727,0,0
4161,118,1,198995.21,8632,0,0
4162,22,1,72359.55,8074,0,0
4163,64,1,11493.80,8389,3,0
4164,94,0,8709.16,10409,3,0
4165,4,0,11405.40,10066,4,0
4166,43,1,100671.06,8458,0,0
4167,28,0,62108.45,10393,1,0
4192,146,0,197192.95,10334,1,0
4193,4,1,143191.54,8773,3,0
4194,106,1,62972.29,9053,4,0
4195,104,1,54478.95,8548,2,0
4196,106,0,201455.98,10360,4,0
4197,92,0,217709.03,9720,2,0
4198,143,0,105789.01,10027,4,0
4199,5,1,30494.62,8077,1,0
4224,70,0,150655.44,10055,1,0
4225,128,0,72533.07,10014,4,0
4226,92,1,29827.44,8467,0,0
4227,133,1,92261.08,9184,1,0
4228,110,0,22072.16,9947,0,0
4229,14,0,75145.87,10287,1,0
4230,140,1,219709.60,8097,1,0
4231,86,0,111403.66,10184,2,0
4256,118,1,23067.48,8129,2,0
4257,17,2,41723.86,9213,4,0
4258,92,0,133829.35,9795,2,0
4259,104,0,12918.70,10142,0,0
4260,142,1,18566.14,8170,2,0
4261,118,1,83665.20,8310,1,0
4262,88,0,176278.57,9711,4,0
4263,4,0,158885.83,10300,1,0
4288,34,1,75030.81,8372,2,0
4289,125,1,20752.62,8679,4,0
4290,41,1,26128.99,9144,4,0
4291,89,1,71822.86,8732,4,0
4292,25,1,145906.24,8042,4,0
4293,103,0,198322.91,9727,3,0
4294,49,1,232194.74,8261,4,0
4295,5,0,77754.62,9535,4,0
4320,115,0,67049.37,9837,2,0
4321,16,1,118896.95,8963,4,0
4322,142,0,149671.92,10297,4,0
4323,104,1,27598.17,8787,3,0
4324,73,0,178249.05,9327,1,0
4325,130,0,20214.49,9694,3,0
4326,29,0,39048.94,9795,2,0
4327,146,2,126235.35,9204,3,0
4352,14,0,18653.09,10190,3,0
4353,73,0,21815.30,10206,3,0
4354,145,1,179827.12,9037,2,0
4355,4,0,186370.23,9815,1,0
4356,97,1,39828.51,8865,0,0
4357,47,0,67045.94,10156,2,0
4358,25,0,46298.53,10084,1,0
4359,16,1,107824.40,8461,1,0
4384,25,1,52562.16,8228,1,0
4385,122,0,39190.62,9713,3,0
4386,61,0,134413.58,10262,0,0
4387,110,0,116740.67,9425,1,0
4388,10,0,69668.22,9582,3,0
4389,55,1,120324.82,8889,4,0
4390,7,2,140608.69,9272,1,0
4391,38,1,48284.06,8082,3,0
4416,149,1,76067.10,8215,0,0
4417,67,0,60868.39,10415,1,0
4418,61,1,47099.71,8483,4,0
4419,104,0,94030.43,9658,2,0
4420,109,1,6088.41,8933,1,0
4421,10,0,258779.02,9954,4,0
4422,70,2,107140.22,9271,4,0
4423,64,1,4913.06,9177,0,0
4448,70,0,127191.47,10366,3,0
4449,10,0,48206.14,10264,0,0
4450,106,0,110194.31,10056,1,0
4451,4,1,92851.80,9038,1,0
4452,13,1,64838.66,8936,0,0
4453,65,0,137030.40,9951,4,0
4454,142,1,159578.94,8797,0,0
4455,19,1,102534.63,8683,4,0
4480,85,1,28658.26,8854,2,0
4481,148,0,77705.40,9584,0,0
4482,82,2,63535.56,9264,2,0
4483,52,1,126597.21,8100,4,0
4484,131,0,237947.61,9853,1,0
4485,53,1,182432.17,9081,4,0
4486,37,0,135613.18,10287,3,0
4487,46,1,109469.90,8453,4,0
4512,70,0,148682.82,9427,0,0
4513,85,0,119820.38,9569,0,0
4514,97,1,143899.85,8884,4,0
4515,140,1,161745.44,8110,1,0
4516,130,1,35949.14,8852,4,0
4517,113,0,47614.08,10291,2,0
4518,125,0,25861.74,9981,4,0
4519,136,1,68885.66,8488,2,0
4544,112,0,151148.81,10079,4,0
4545,59,1,143276.28,8416,2,0
4546,43,0,39906.87,9339,0,0
4547,109,1,52114.01,8634,4,0
4548,127,0,139915.23,9674,0,0
4549,64,0,43889.17,10289,2,0
4550,118,1,27461.48,9127,3,0
4551,109,0,82824.14,9534,3,0
4576,139,0,56936.10,9721,0,0
4577,79,0,104259.88,10347,0,0
4578,91,1,95761.93,8290,0,0
4579,106,0,85927.85,9464,3,0
4580,82,1,118464.65,8718,2,0
4581,79,1,89592.11,8281,2,0
4582,19,0,18247.86,9680,1,0
4583,22,1,206495.43,9032,4,0
4608,80,1,157767.86,8932,1,0
4609,133,0,70462.84,9834,4,0
4610,26,1,135934.60,8568,0,0
4611,29,1,166506.22,8409,3,0
4612,61,1,82598.87,8662,4,0
4613,133,0,212339.55,10289,4,0
4614,61,0,151801.06,9607,1,0
4615,29,1,10500.27,8638,4,0
4640,97,0,81138.17,9495,0,0
4641,134,1,98485.21,8419,2,0
4642,148,1,117537.87,9187,1,0
4643,67,0,52414.19,9310,3,0
4644,94,0,85901.70,10242,0,0
4645,44,1,231012.22,9027,1,0
4646,83,0,124637.19,9664,1,0
4647,28,1,110958.36,8898,4,0
4672,79,0,199593.71,9440,1,0
4673,82,0,58094.75,9720,2,0
4674,37,1,115411.37,8873,1,0
4675,86,1,68817.08,8728,2,0
4676,14,0,182025.95,9373,3,0
4677,40,0,25661.87,10277,4,0
4678,88,0,131752.07,10439,2,0
4679,88,1,7211.59,8419,3,0
4704,2,0,63873.14,9723,2,0
4705,98,1,173340.09,8115,2,0
4706,25,1,101709.52,8397,2,0
4707,91,1,61052.10,9187,3,0
4708,85,1,56998.36,9038,1,0
4709,26,0,49903.57,9502,4,0
4710,100,1,88966.68,9106,2,0
4711,142,0,129546.56,10351,1,0
4736,139,0,67572.73,9453,3,0
4737,79,1,62014.51,8469,2,0
4738,5,1,149466.62,8132,3,0
4739,148,1,68255.82,8451,0,0
4740,68,0,42579.40,9681,3,0
4741,127,1,180692.90,8222,2,0
4742,64,2,155356.80,9211,4,0
4743,97,1,65702.39,8489,0,0
4768,136,1,4820.55,8725,3,0
4769,121,2,136765.03,9233,2,0
4770,59,0,72150.68,9300,3,0
4771,95,1,49625.21,8382,1,0
4772,28,1,64102.93,9021,1,0
4773,122,0,196080.26,9486,1,0
4774,52,1,124380.73,8509,4,0
4775,128,0,112444.42,9354,2,0
4800,37,1,91795.13,8039,0,0
4801,88,0,108353.08,9519,1,0
4802,130,0,5978.65,9883,4,0
4803,124,0,158776.68,9533,0,0
4804,37,1,111547.31,8061,3,0
4805,16,1,172102.96,8149,2,0
4806,7,1,35390.15,8510,0,0
4807,53,0,138902.23,9869,4,0
4832,34,0,84954.79,10198,4,0
4833,133,0,84800.44,9627,4,0
4834,19,0,124539.00,9750,3,0
4835,146,1,70857.51,9062,1,0
4836,65,0,78711.40,9847,1,0
4837,130,0,68519.84,10339,2,0
4838,44,1,61811.33,8248,1,0
4839,25,1,71241.63,8894,1,0
4864,88,1,149614.34,8349,0,0
4865,85,0,162113.46,10018,4,0
4866,53,0,25767.07,10079,3,0
4867,10,1,9741.03,8175,1,0
4868,76,0,159005.35,9921,0,0
4869,58,1,175422.13,9033,0,0
4870,103,1,94534.07,8982,4,0
4871,46,0,129636.99,9292,1,0
4896,85,1,93206.35,8268,1,0
4897,80,1,115688.85,8294,0,0
4898,14,1,40572.64,8956,2,0
4899,61,1,12291.83,8690,2,0
4900,137,1,221320.76,8215,2,0
4901,79,0,146298.28,10225,2,0
4902,139,0,26011.20,10410,4,0
4903,92,1,34363.63,8115,2,0
4928,4,1,59931.42,8676,2,0
4929,149,0,135187.33,9554,4,0
4930,149,1,176867.34,8890,0,0
4931,50,1,115759.13,9085,1,0
4932,122,1,42927.07,8621,1,0
4933,94,0,42945.82,9324,4,0
4934,40,0,180478.16,9908,1,0
4935,40,1,162088.30,8544,2,0
4960,124,1,153259.41,9186,0,0
4961,58,0,89224.24,10321,4,0
4962,104,1,44781.32,8608,4,0
4963,34,0,54175.35,9806,4,0
4964,101,0,204163.10,10069,2,0
4965,52,1,110626.82,8693,0,0
4966,70,0,59186.02,9745,3,0
4967,98,0,103814.27,9908,4,0
4992,62,1,203904.80,8164,1,0
4993,13,1,145730.19,8980,2,0
4994,43,0,216071.76,9675,2,0
4995,40,0,189651.76,9500,2,0
4996,133,1,100750.67,8291,4,0
4997,47,0,122611.05,10302,0,0
4998,32,1,129096.80,8044,2,0
4999,85,1,98643.17,8576,3,0
5024,124,0,116127.69,9793,4,0
5025,121,0,20099.43,9894,0,0
5026,28,0,13197.78,10109,1,0
5027,148,0,181346.56,10102,3,0
5028,13,1,30755.69,8141,3,0
5029,11,1,19811.69,8352,4,0
5030,106,0,71781.23,10370,2,0
5031,139,1,91438.59,9100,4,0
5056,52,0,62258.18,9906,0,0
5057,64,0,76164.41,10075,1,0
5058,119,0,17031.01,10307,1,0
5059,43,1,67173.82,8713,3,0
5060,112,1,65218.47,8222,2,0
5061,101,1,52190.52,8625,1,0
5062,61,1,109247.00,8315,4,0
5063,23,0,98753.57,9997,3,0
5088,130,1,101616.44,8405,0,0
5089,130,1,109246.54,8244,1,0
5090,89,0,132838.49,9928,1,0
5091,148,0,47852.06,10366,4,0
5092,22,0,195834.96,9432,0,0
5093,79,1,190693.92,8645,4,0
5094,106,1,74892.08,8487,2,0
5095,97,1,184583.99,8146,3,0
5120,16,0,28007.73,9651,1,0
5121,133,1,150334.57,8165,2,0
5122,70,0,79863.84,9535,0,0
5123,10,0,11850.45,10266,1,0
5124,25,0,159170.80,9954,2,0
5125,28,0,38065.28,10263,0,0
5126,112,1,92123.32,8319,2,0
5127,73,0,48024.99,9875,0,0
5152,44,0,60568.34,9864,4,0
5153,113,0,193832.28,9367,1,0
5154,8,0,28070.86,9963,4,0
5155,77,1,70183.29,8927,3,0
5156,125,0,59439.44,9803,0,0
5157,142,0,167056.34,10047,2,0
5158,76,0,240284.95,9881,1,0
5159,106,0,147543.26,9763,1,0
5184,85,0,209155.48,10426,0,0
5185,148,0,206179.68,10066,4,0
5186,52,0,208892.63,9710,1,0
5187,55,0,46380.69,10057,4,0
5188,140,2,66268.86,9190,2,0
5189,71,1,184172.31,8729,0,0
5190,58,1,89684.31,8150,0,0
5191,77,1,119910.04,9109,2,0
5216,59,0,16763.95,10086,4,0
5217,35,0,135745.58,9415,3,0
5218,82,1,73882.37,8245,2,0
5219,88,0,21267.72,9918,1,0
5220,10,1,24844.39,8245,3,0
5221,13,0,71968.10,9289,2,0
5222,80,1,1051.15,8911,2,0
5223,149,1,105561.21,8945,1,0
5248,70,2,86958.28,9234,3,0
5249,103,1,123586.03,9013,4,0
5250,97,0,29673.73,9326,3,0
5251,34,0,34004.48,9231,4,0
5252,91,0,173145.37,9542,1,0
5253,148,2,108361.46,9230,3,0
5254,112,1,196989.09,8241,2,0
5255,64,0,75074.07,9688,0,0
5280,34,0,68052.70,10197,4,0
5281,124,0,179418.31,9435,3,0
5282,50,0,94446.69,10255,1,0
5283,131,1,18594.66,8919,4,0
5284,61,0,40548.99,9319,2,0
5285,70,1,99377.51,8782,3,0
5286,116,0,79646.89,10129,0,0
5287,25,1,30045.95,8755,0,0
5312,65,1,66697.95,9184,3,0
5313,13,0,159870.44,10028,2,0
5314,34,0,26999.83,9282,3,0
5315,139,1,55554.97,8336,2,0
5316,100,1,62316.61,8795,1,0
5317,37,1,228002.51,9016,0,0
5318,59,1,106935.19,8493,3,0
5319,98,0,68619.29,9515,1,0
5344,109,0,88216.32,10397,4,0
5345,31,0,111924.56,10096,1,0
5346,37,1,149536.20,8759,3,0
5347,49,1,173024.71,9182,4,0
5348,53,0,119164.96,10172,0,0
5349,67,0,38038.84,9739,1,0
5350,76,1,113417.03,8682,0,0
5351,122,0,76799.25,10356,1,0
5376,149,1,98422.83,8949,0,0
5377,64,0,117728.37,9974,3,0
5378,43,1,101899.93,8332,1,0
5379,89,0,47010.15,9349,3,0
5380,148,0,123014.83,10145,1,0
5381,32,1,223995.46,8428,0,0
5382,35,1,138423.03,8046,0,0
5383,31,0,11474.95,9275,0,0
5408,23,1,123477.05,8236,0,0
5409,13,1,145040.38,8042,0,0
5410,22,0,139104.17,10434,2,0
5411,61,0,62541.27,9996,4,0
5412,142,0,109979.71,10245,3,0
5413,94,0,224382.57,10150,1,0
5414,100,1,167017.39,8483,2,0
5415,23,1,176864.83,8251,4,0
5440,130,0,3223.17,9872,1,0
5441,41,1,131891.05,8966,2,0
5442,43,0,139332.94,10238,2,0
5443,131,0,124950.79,9778,2,0
5444,130,2,172908.01,9206,1,0
5445,115,1,114990.63,8606,0,0
5446,7,1,29920.80,8936,0,0
5447,13,0,29029.84,9570,4,0
5472,70,1,221636.83,8500,0,0
5473,65,1,63041.33,8118,2,0
5474,55,1,131079.52,8186,2,0
5475,139,0,10645.48,9683,0,0
5476,91,0,26906.38,10170,1,0
5477,107,0,130125.64,10224,0,0
5478,116,0,97502.23,9632,1,0
5479,70,1,70553.45,8755,4,0
5504,19,1,41492.25,8405,3,0
5505,95,0,147329.51,10137,0,0
5506,91,1,8413.31,8711,1,0
5507,2,0,140363.70,10373,0,0
5508,56,0,3808.05,9667,1,0
5509,80,1,135335.96,8862,0,0
5510,37,1,126948.81,8407,4,0
5511,79,1,151089.96,9097,1,0
5536,116,0,108196.56,10300,2,0
5537,118,0,102207.20,9771,4,0
5538,139,1,90981.28,8758,1,0
5539,119,1,39397.60,8976,0,0
5540,130,0,90707.58,9780,2,0
5541,143,0,37526.68,10133,4,0
5542,49,0,6402.41,9605,2,0
5543,115,1,118201.53,8667,4,0
5568,31,0,105421.09,9287,4,0
5569,109,1,126113.32,8519,2,0
5570,112,0,78567.55,9719,3,0
5571,103,1,79248.35,8387,2,0
5572,8,1,182966.39,8962,3,0
5573,37,0,158479.37,9722,4,0
5574,28,1,129803.03,8103,2,0
5575,103,0,51839.94,9334,0,0
5600,95,0,53649.35,9899,2,0
5601,11,1,118570.79,8039,3,0
5602,130,0,67979.49,10071,4,0
5603,71,1,145100.47,8205,2,0
5604,46,0,98987.51,10329,2,0
5605,35,0,172899.84,9729,3,0
5606,149,0,219959.08,9811,0,0
5607,92,1,24660.06,8034,2,0
5632,79,0,89503.11,9530,1,0
5633,79,0,207119.83,10376,4,0
5634,68,0,99494.67,9707,4,0
5635,70,1,192217.86,8262,4,0
5636,122,1,143350.75,9176,4,0
5637,103,0,128776.90,9663,4,0
5638,109,1,79197.77,8781,1,0
5639,145,1,9669.46,8917,4,0
5664,119,0,186215.81,10429,3,0
5665,100,1,129821.09,8578,2,0
5666,14,1,121663.68,8797,3,0
5667,44,0,37301.25,9351,1,0
5668,109,1,13679.32,9210,2,0
5669,74,0,113156.30,9621,1,0
5670,7,1,101429.61,8510,0,0
5671,43,0,176647.54,10262,3,0
5696,142,2,198723.30,9253,1,0
5697,55,1,99177.69,8312,1,0
5698,95,1,154936.43,8905,4,0
5699,142,1,226314.91,8245,0,0
5700,143,0,79901.18,10219,1,0
5701,43,0,16689.19,9898,0,0
5702,97,1,153024.28,8649,2,0
5703,121,1,1816.28,8535,4,0
5728,80,1,85397.04,9109,2,0
5729,44,1,88080.33,9047,3,0
5730,11,0,10934.84,10212,1,0
5731,8,0,57823.37,9997,0,0
5732,37,0,28330.42,10075,1,0
5733,101,1,38545.97,8475,3,0
5734,94,0,45860.94,10145,4,0
5735,40,1,39358.51,9109,4,0
5760,25,1,59404.77,8909,2,0
5761,16,0,130345.90,10412,4,0
5762,49,0,165019.32,9905,1,0
5763,8,0,140838.11,10402,2,0
5764,131,1,53212.95,8675,2,0
5765,52,1,249900.42,9113,0,0
5766,49,1,47940.51,8669,0,0
5767,118,1,135643.87,8153,3,0
5792,26,1,158991.89,8493,3,0
5793,37,0,119887.47,10054,3,0
5794,8,1,122823.78,8494,0,0
5795,37,1,35514.45,8159,3,0
5796,149,0,23280.61,9517,4,0
5797,122,0,15313.61,10148,2,0
5798,106,0,125011.92,10314,0,0
5799,26,0,71381.21,9344,1,0
5824,56,0,169107.85,9832,3,0
5825,61,1,23020.62,9181,0,0
5826,22,0,21119.86,10389,1,0
5827,31,0,137297.71,10429,4,0
5828,127,1,62172.34,8829,0,0
5829,125,0,183734.56,9871,1,0
5830,85,1,28223.57,8483,4,0
5831,139,0,113505.19,9816,0,0
5856,37,1,71460.49,9074,3,0
5857,124,0,158345.31,10170,2,0
5858,64,1,181320.50,8229,2,0
5859,5,0,210643.96,9973,1,0
5860,13,1,9495.28,8084,2,0
5861,139,0,41450.19,9960,4,0
5862,64,0,30550.90,9911,1,0
5863,65,1,67941.54,8725,4,0
5888,46,0,67167.19,9766,4,0
5889,22,0,15417.57,9272,0,0
5890,49,1,41162.24,8342,3,0
5891,46,1,41760.00,8397,4,0
5892,101,2,92340.77,9258,0,0
5893,2,1,44777.63,8223,2,0
5894,71,1,70377.31,8989,3,0
5895,64,0,201419.83,9861,2,0
5920,119,1,142767.26,9088,3,0
5921,58,1,152940.00,8861,0,0
5922,143,0,142494.99,9813,0,0
5923,101,0,157968.27,10007,3,0
5924,31,0,106823.97,9412,4,0
5925,146,0,242588.87,9446,0,0
5926,76,1,105770.53,8904,0,0
5927,116,0,84983.90,10100,2,0
5952,148,0,128624.99,9964,4,0
5953,7,1,95312.81,8121,1,0
5954,28,1,167262.34,8371,1,0
5955,94,2,67944.38,9215,0,0
5956,22,0,118036.54,10363,1,0
5957,89,1,230949.45,8760,3,0
5958,115,0,145060.41,9388,4,0
5959,23,1,195515.26,8169,4,0
5984,70,1,83413.30,8933,0,0
5985,143,1,3942.73,9141,4,0
5986,115,1,92187.80,8146,3,0
5987,64,0,98956.82,9710,1,0
5988,31,1,41655.51,8725,2,0
